,contractSymbol,strike,currency,lastPrice,change,percentChange,volume,openInterest,bid,ask,contractSize,expiration,lastTradeDate,impliedVolatility,inTheMoney,Type
0,SPY220916P00140000,140.0,USD,0.37,0.0,0.0,44.0,2011,0.36,0.38,REGULAR,1663286400,1643825286,0.6328161718749999,False,P
1,SPY220916P00145000,145.0,USD,0.6900000000000001,0.0,0.0,111.0,340,0.4,0.43,REGULAR,1663286400,1643316105,0.624027197265625,False,P
2,SPY220916P00150000,150.0,USD,0.71,0.0,0.0,2.0,825,0.43,0.46,REGULAR,1663286400,1643403216,0.611820288085937,False,P
3,SPY220916P00155000,155.0,USD,0.5,-0.22000003,-30.555557,17.0,137,0.47000000000000003,0.51,REGULAR,1663286400,1643824442,0.6025430371093751,False,P
4,SPY220916P00160000,160.0,USD,0.55,0.0,0.0,3.0,180,0.51,0.55,REGULAR,1663286400,1643749726,0.59180095703125,False,P
5,SPY220916P00165000,165.0,USD,0.67,0.0,0.0,3.0,151,0.56,0.59,REGULAR,1663286400,1643639763,0.5817912915039061,False,P
6,SPY220916P00170000,170.0,USD,0.65,-0.38,-36.893204,1.0,127,0.6000000000000001,0.64,REGULAR,1663286400,1643823022,0.571781625976562,False,P
7,SPY220916P00175000,175.0,USD,0.91,0.0,0.0,5.0,177,0.65,0.6900000000000001,REGULAR,1663286400,1643649913,0.562260236816406,False,P
8,SPY220916P00180000,180.0,USD,1.17,0.0,0.0,1.0,251,0.7000000000000001,0.75,REGULAR,1663286400,1643386199,0.5529829858398431,False,P
9,SPY220916P00185000,185.0,USD,0.79,0.0,0.0,71.0,16258,0.76,0.81,REGULAR,1663286400,1643749036,0.5441940112304681,False,P
10,SPY220916P00190000,190.0,USD,0.88,-0.07999998,-8.333332,1.0,10594,0.8200000000000001,0.87,REGULAR,1663286400,1643817275,0.5351608984375,False,P
11,SPY220916P00195000,195.0,USD,1.05,0.0,0.0,10.0,303,0.89,0.9400000000000001,REGULAR,1663286400,1643730172,0.526860200195312,False,P
12,SPY220916P00200000,200.0,USD,1.06,-0.05000007,-4.504511,25.0,2264,0.96,1.01,REGULAR,1663286400,1643818962,0.518315363769531,False,P
13,SPY220916P00205000,205.0,USD,1.56,0.0,0.0,50.0,73,1.03,1.06,REGULAR,1663286400,1643299275,0.508916043701171,False,P
14,SPY220916P00210000,210.0,USD,1.22,0.05000007,4.2735105,355.0,22798,1.1,1.16,REGULAR,1663286400,1643815595,0.5012256909179681,False,P
15,SPY220916P00215000,215.0,USD,1.92,0.0,0.0,1.0,17368,1.18,1.23,REGULAR,1663286400,1643384892,0.494267752685546,False,P
16,SPY220916P00220000,220.0,USD,1.46,0.0,0.0,1.0,278,1.27,1.32,REGULAR,1663286400,1643737562,0.48645533081054604,False,P
17,SPY220916P00225000,225.0,USD,1.38,-0.07000005000000001,-4.8275895,1.0,536,1.35,1.4100000000000001,REGULAR,1663286400,1643825286,0.478276701660156,False,P
18,SPY220916P00230000,230.0,USD,1.5,-0.73,-32.735424,384.0,5568,1.45,1.51,REGULAR,1663286400,1643828197,0.47058634887695305,False,P
19,SPY220916P00235000,235.0,USD,2.2800000000000002,0.0,0.0,40.0,123,1.54,1.6,REGULAR,1663286400,1643299383,0.46216358154296805,False,P
20,SPY220916P00240000,240.0,USD,1.77,-0.23000002,-11.500001,301.0,477,1.6400000000000001,1.7000000000000002,REGULAR,1663286400,1643815329,0.45422909057617106,False,P
21,SPY220916P00245000,245.0,USD,1.92,-0.67999995,-26.153845,2.0,4354,1.75,1.81,REGULAR,1663286400,1643818940,0.44647770324707003,False,P
22,SPY220916P00250000,250.0,USD,2.0,0.0,0.0,36.0,4811,1.88,1.94,REGULAR,1663286400,1643747863,0.43945873046875,False,P
23,SPY220916P00255000,255.0,USD,2.09,-0.029999971,-1.4150931,23.0,10481,1.99,2.05,REGULAR,1663286400,1643820682,0.43140217041015605,False,P
24,SPY220916P00260000,260.0,USD,2.43,0.0,0.0,1.0,4528,2.12,2.18,REGULAR,1663286400,1643726031,0.424016990356445,False,P
25,SPY220916P00265000,265.0,USD,2.6,0.0,0.0,1.0,277,2.26,2.32,REGULAR,1663286400,1643662220,0.416753879394531,False,P
26,SPY220916P00270000,270.0,USD,2.46,-0.37999988,-13.380278,4.0,2651,2.4,2.47,REGULAR,1663286400,1643814478,0.40973490661621004,False,P
27,SPY220916P00275000,275.0,USD,2.61,-0.6500001,-19.938654,8.0,346,2.56,2.63,REGULAR,1663286400,1643814186,0.402776968383789,False,P
28,SPY220916P00280000,280.0,USD,3.4,0.0,0.0,7.0,2837,2.74,2.81,REGULAR,1663286400,1643661072,0.39618523742675704,False,P
29,SPY220916P00285000,285.0,USD,3.04,-1.4200001,-31.838564,2.0,660,2.91,2.98,REGULAR,1663286400,1643815044,0.38910523010253906,False,P
30,SPY220916P00290000,290.0,USD,3.81,0.0,0.0,4.0,322,3.12,3.19,REGULAR,1663286400,1643656649,0.38291022369384703,False,P
31,SPY220916P00295000,295.0,USD,4.13,0.0,0.0,7.0,369,3.3,3.37,REGULAR,1663286400,1643655084,0.375647112731933,False,P
32,SPY220916P00300000,300.0,USD,3.81,0.11999988600000001,3.2520294,21.0,2645,3.52,3.6,REGULAR,1663286400,1643748490,0.36945210632324205,False,P
33,SPY220916P00305000,305.0,USD,5.52,0.0,0.0,6.0,292,3.75,3.8200000000000003,REGULAR,1663286400,1643402025,0.362738306274414,False,P
34,SPY220916P00310000,310.0,USD,4.74,0.0,0.0,3.0,1414,4.01,4.07,REGULAR,1663286400,1643730640,0.356421230773925,False,P
35,SPY220916P00315000,315.0,USD,4.52,-0.5300001999999999,-10.495053,2.0,420,4.3,4.35,REGULAR,1663286400,1643815434,0.350470362548828,False,P
36,SPY220916P00320000,320.0,USD,4.88,0.0,0.0,51.0,2151,4.59,4.65,REGULAR,1663286400,1643747124,0.34461104614257804,False,P
37,SPY220916P00325000,325.0,USD,4.97,-0.26000023,-4.9713235000000005,12.0,2245,4.9,4.99,REGULAR,1663286400,1643814223,0.339209488830566,False,P
38,SPY220916P00330000,330.0,USD,5.52,-0.86000013,-13.479626,15.0,4315,5.25,5.31,REGULAR,1663286400,1643820629,0.33304499969482404,False,P
39,SPY220916P00335000,335.0,USD,5.7,-0.32000017000000003,-5.315617,16.0,1825,5.61,5.67,REGULAR,1663286400,1643824515,0.327277235107421,False,P
40,SPY220916P00340000,340.0,USD,7.0,0.0,0.0,4.0,3324,5.97,6.07,REGULAR,1663286400,1643728947,0.32181464324951103,False,P
41,SPY220916P00345000,345.0,USD,6.72,-1.0800004,-13.846157999999999,1.0,911,6.44,6.53,REGULAR,1663286400,1643814888,0.316870845031738,False,P
42,SPY220916P00350000,350.0,USD,7.06,-0.23000002,-3.1550071,204.0,4814,6.9,7.02,REGULAR,1663286400,1643826632,0.311957564086914,False,P
43,SPY220916P00355000,355.0,USD,7.69,-0.8399997,-9.847593,2.0,2793,7.35,7.46,REGULAR,1663286400,1643822373,0.30589988540649404,False,P
44,SPY220916P00358000,358.0,USD,10.84,0.0,0.0,3.0,648,7.71,7.83,REGULAR,1663286400,1643640011,0.30350427947998004,False,P
45,SPY220916P00360000,360.0,USD,8.32,-0.03999996,-0.47846848000000003,197.0,5151,7.88,8.01,REGULAR,1663286400,1643821167,0.300940828552246,False,P
46,SPY220916P00362000,362.0,USD,13.59,0.0,0.0,78.0,797,8.13,8.26,REGULAR,1663286400,1643305575,0.299231861267089,False,P
47,SPY220916P00364000,364.0,USD,8.9,0.0,0.0,1.0,555,8.34,8.46,REGULAR,1663286400,1643747808,0.296790479431152,False,P
48,SPY220916P00365000,365.0,USD,8.53,-0.32999992,-3.7246044,68.0,3760,8.46,8.58,REGULAR,1663286400,1643824938,0.29581392669677703,False,P
49,SPY220916P00366000,366.0,USD,14.37,0.0,0.0,583.0,887,8.57,8.7,REGULAR,1663286400,1643312418,0.294806856689453,False,P
50,SPY220916P00368000,368.0,USD,14.69,0.0,0.0,106.0,717,8.87,9.01,REGULAR,1663286400,1643305576,0.293570907135009,False,P
51,SPY220916P00370000,370.0,USD,9.33,-0.85999966,-8.439644,53.0,5013,9.09,9.2,REGULAR,1663286400,1643826553,0.29082435256958,False,P
52,SPY220916P00372000,372.0,USD,15.19,0.0,0.0,67.0,2269,9.38,9.52,REGULAR,1663286400,1643305110,0.28952736846923804,False,P
53,SPY220916P00375000,375.0,USD,9.98,-0.27000046,-2.6341507,8.0,12596,9.78,9.92,REGULAR,1663286400,1643825117,0.286506158447265,False,P
54,SPY220916P00380000,380.0,USD,10.51,-0.48999977,-4.4545436,15.0,17033,10.43,10.58,REGULAR,1663286400,1643828655,0.28104356658935503,False,P
55,SPY220916P00382000,382.0,USD,17.15,0.0,0.0,255.0,1035,10.79,10.94,REGULAR,1663286400,1643305434,0.279731323852538,False,P
56,SPY220916P00383000,383.0,USD,12.16,0.0,0.0,7.0,713,10.87,11.02,REGULAR,1663286400,1643725800,0.277991839294433,False,P
57,SPY220916P00384000,384.0,USD,17.79,0.0,0.0,31.0,575,11.06,11.23,REGULAR,1663286400,1643305321,0.277610373382568,False,P
58,SPY220916P00385000,385.0,USD,12.8,0.0,0.0,1.0,2239,11.19,11.34,REGULAR,1663286400,1643731884,0.27616080291748,False,P
59,SPY220916P00386000,386.0,USD,17.27,0.0,0.0,1.0,573,11.34,11.49,REGULAR,1663286400,1643393453,0.27509269836425704,False,P
60,SPY220916P00387000,387.0,USD,11.86,-6.4399996,-35.191254,3.0,619,11.49,11.64,REGULAR,1663286400,1643813594,0.274024593811035,False,P
61,SPY220916P00388000,388.0,USD,12.43,0.0,0.0,200.0,1253,11.72,11.89,REGULAR,1663286400,1643749182,0.27393304199218704,False,P
62,SPY220916P00389000,389.0,USD,18.82,0.0,0.0,30.0,1302,11.88,11.98,REGULAR,1663286400,1643305068,0.272208816070556,False,P
63,SPY220916P00390000,390.0,USD,12.6,-1.1399994,-8.296939,5.0,10895,11.98,12.15,REGULAR,1663286400,1643815464,0.271278039245605,False,P
64,SPY220916P00391000,391.0,USD,19.55,0.0,0.0,18.0,591,12.22,12.4,REGULAR,1663286400,1643305521,0.27109493560791004,False,P
65,SPY220916P00392000,392.0,USD,19.55,0.0,0.0,18.0,417,12.39,12.54,REGULAR,1663286400,1643304996,0.269813210144042,False,P
66,SPY220916P00393000,393.0,USD,19.88,0.0,0.0,18.0,1631,12.55,12.71,REGULAR,1663286400,1643305106,0.268806140136718,False,P
67,SPY220916P00394000,394.0,USD,20.02,0.0,0.0,18.0,524,12.74,12.9,REGULAR,1663286400,1643305027,0.267982173767089,False,P
68,SPY220916P00395000,395.0,USD,13.7,-0.8000001999999999,-5.517243,58.0,4064,12.83,13.0,REGULAR,1663286400,1643820215,0.26627320648193303,False,P
69,SPY220916P00396000,396.0,USD,20.55,0.0,0.0,18.0,510,13.0,13.17,REGULAR,1663286400,1643305053,0.26520510192871,False,P
70,SPY220916P00397000,397.0,USD,15.01,0.0,0.0,2.0,1318,13.26,13.36,REGULAR,1663286400,1643736213,0.26430484237670904,False,P
71,SPY220916P00398000,398.0,USD,14.96,0.0,0.0,88.0,455,13.36,13.53,REGULAR,1663286400,1643744732,0.263190961914062,False,P
72,SPY220916P00399000,399.0,USD,16.35,0.0,0.0,7.0,364,13.54,13.73,REGULAR,1663286400,1643661768,0.26235173690795904,False,P
73,SPY220916P00400000,400.0,USD,13.86,-0.5900001500000001,-4.083046,35.0,10643,13.73,13.89,REGULAR,1663286400,1643827330,0.26111578735351504,False,P
74,SPY220916P00401000,401.0,USD,14.73,-7.67,-34.241074,3.0,504,13.91,14.11,REGULAR,1663286400,1643816034,0.260398631439209,False,P
75,SPY220916P00402000,402.0,USD,22.31,0.0,0.0,25.0,375,14.16,14.37,REGULAR,1663286400,1643310266,0.260017165527343,False,P
76,SPY220916P00403000,403.0,USD,15.54,0.0,0.0,5.0,698,14.33,14.48,REGULAR,1663286400,1643746365,0.25827768096923803,False,P
77,SPY220916P00404000,404.0,USD,22.8,0.0,0.0,17.0,487,14.58,14.76,REGULAR,1663286400,1643305107,0.25801828414917,False,P
78,SPY220916P00405000,405.0,USD,16.67,0.0,0.0,210.0,3731,14.68,14.85,REGULAR,1663286400,1643739055,0.256049920043945,False,P
79,SPY220916P00406000,406.0,USD,23.76,0.0,0.0,42.0,629,14.88,15.05,REGULAR,1663286400,1643306805,0.255042850036621,False,P
80,SPY220916P00407000,407.0,USD,23.69,0.0,0.0,18.0,508,15.08,15.27,REGULAR,1663286400,1643305109,0.254188366394042,False,P
81,SPY220916P00408000,408.0,USD,17.14,0.0,0.0,10.0,613,15.36,15.46,REGULAR,1663286400,1643741287,0.25305922729492103,False,P
82,SPY220916P00409000,409.0,USD,16.96,0.0,0.0,5.0,418,15.48,15.66,REGULAR,1663286400,1643746092,0.25197586410522405,False,P
83,SPY220916P00410000,410.0,USD,16.15,-0.3900013,-2.3579278,2.0,2596,15.69,15.87,REGULAR,1663286400,1643826431,0.2509687940979,False,P
84,SPY220916P00411000,411.0,USD,18.09,0.0,0.0,2.0,353,15.9,16.08,REGULAR,1663286400,1643738844,0.249931206817626,False,P
85,SPY220916P00412000,412.0,USD,18.42,0.0,0.0,7.0,565,16.11,16.3,REGULAR,1663286400,1643738945,0.24895465408325101,False,P
86,SPY220916P00413000,413.0,USD,17.31,-0.23999977,-1.3675201,7.0,551,16.43,16.6,REGULAR,1663286400,1643818128,0.24863422271728502,False,P
87,SPY220916P00414000,414.0,USD,17.69,-0.3599987,-1.9944527,7.0,394,16.55,16.74,REGULAR,1663286400,1643816167,0.246940514068603,False,P
88,SPY220916P00415000,415.0,USD,17.06,-0.6400013,-3.6158264,58.0,4411,16.85,17.04,REGULAR,1663286400,1643823944,0.24655904815673801,False,P
89,SPY220916P00416000,416.0,USD,18.45,0.0,0.0,1005.0,1257,17.06,17.3,REGULAR,1663286400,1643747262,0.24581137496948202,False,P
90,SPY220916P00417000,417.0,USD,18.27,0.0,0.0,665.0,963,17.21,17.41,REGULAR,1663286400,1643748736,0.24381249359130802,False,P
91,SPY220916P00418000,418.0,USD,18.63,-8.550001,-31.456957,7.0,795,17.57,17.71,REGULAR,1663286400,1643816167,0.24335473449707,False,P
92,SPY220916P00419000,419.0,USD,19.28,0.0,0.0,4.0,898,17.67,17.87,REGULAR,1663286400,1643746240,0.241722060394287,False,P
93,SPY220916P00420000,420.0,USD,18.07,-0.9400005300000001,-4.9447684,16.0,33972,18.06,18.21,REGULAR,1663286400,1643827490,0.241523698120117,False,P
94,SPY220916P00421000,421.0,USD,28.19,0.0,0.0,1.0,45,18.27,18.43,REGULAR,1663286400,1643397919,0.240333524475097,False,P
95,SPY220916P00422000,422.0,USD,18.97,-7.5,-28.333963,1.0,252,18.37,18.58,REGULAR,1663286400,1643389852,0.23856352264404201,False,P
96,SPY220916P00423000,423.0,USD,28.73,0.0,0.0,18.0,209,18.61,18.84,REGULAR,1663286400,1643305238,0.23763274581909102,False,P
97,SPY220916P00424000,424.0,USD,29.13,0.0,0.0,32.0,191,18.85,19.06,REGULAR,1663286400,1643305115,0.23638153762817302,False,P
98,SPY220916P00425000,425.0,USD,19.48,-0.70000076,-3.4687848,11.0,3362,19.21,19.44,REGULAR,1663286400,1643824312,0.236335761718749,False,P
99,SPY220916P00426000,426.0,USD,29.79,0.0,0.0,17.0,222,19.46,19.68,REGULAR,1663286400,1643305484,0.23517610534667902,False,P
100,SPY220916P00427000,427.0,USD,20.75,-4.49,-17.789223,2.0,138,19.71,19.96,REGULAR,1663286400,1643816123,0.234306363067626,False,P
101,SPY220916P00428000,428.0,USD,23.88,0.0,0.0,21.0,143,19.97,20.21,REGULAR,1663286400,1643651474,0.23317722396850502,False,P
102,SPY220916P00429000,429.0,USD,28.93,0.0,0.0,3.0,77,20.21,20.45,REGULAR,1663286400,1643389025,0.231941274414062,False,P
103,SPY220916P00430000,430.0,USD,20.85,-0.87999916,-4.049697,14.0,9694,20.47,20.71,REGULAR,1663286400,1643826895,0.23082739395141602,False,P
104,SPY220916P00431000,431.0,USD,21.05,-6.450001,-23.454548,1.0,805,20.74,20.98,REGULAR,1663286400,1643825649,0.22977454803466701,False,P
105,SPY220916P00432000,432.0,USD,21.6,-1.9099998,-8.124202,3.0,136,21.01,21.27,REGULAR,1663286400,1643745422,0.22884377120971602,False,P
106,SPY220916P00433000,433.0,USD,21.64,-2.4400005,-10.132893,5.0,34,21.21,21.47,REGULAR,1663286400,1643827826,0.22719583847045802,False,P
107,SPY220916P00434000,434.0,USD,24.8,0.0,0.0,1.0,621,21.46,21.68,REGULAR,1663286400,1643662511,0.22560894027709902,False,P
108,SPY220916P00435000,435.0,USD,22.65,-0.34000015,-1.4789046,19.0,3263,21.82,22.07,REGULAR,1663286400,1643815285,0.225349543457031,False,P
109,SPY220916P00436000,436.0,USD,26.5,0.0,0.0,3.0,188,22.11,22.37,REGULAR,1663286400,1643651427,0.224372990722656,False,P
110,SPY220916P00437000,437.0,USD,25.58,0.0,0.0,1.0,34,22.28,22.52,REGULAR,1663286400,1643662671,0.22226729888916003,False,P
111,SPY220916P00438000,438.0,USD,34.0,0.0,0.0,8.0,38,22.56,22.83,REGULAR,1663286400,1643385677,0.221306004791259,False,P
112,SPY220916P00439000,439.0,USD,28.8,0.0,0.0,8.0,87,22.86,23.26,REGULAR,1663286400,1643642058,0.22119919433593702,False,P
113,SPY220916P00440000,440.0,USD,23.49,-0.960001,-3.9263842,53.0,6036,23.21,23.43,REGULAR,1663286400,1643824176,0.219169795684814,False,P
114,SPY220916P00441000,441.0,USD,34.77,0.0,0.0,4.0,46,23.45,23.71,REGULAR,1663286400,1643399257,0.217910958175659,False,P
115,SPY220916P00442000,442.0,USD,29.98,0.0,0.0,11.0,873,23.8,24.04,REGULAR,1663286400,1643644306,0.216987810668945,False,P
116,SPY220916P00443000,443.0,USD,30.5,0.0,0.0,1.0,19,24.19,24.49,REGULAR,1663286400,1643641658,0.21689625885009703,False,P
117,SPY220916P00444000,444.0,USD,24.96,-2.540001,-9.236367,4.0,625,24.49,24.78,REGULAR,1663286400,1643821730,0.21561453338623002,False,P
118,SPY220916P00445000,445.0,USD,25.34,-2.4799995,-8.914449,164.0,2304,24.68,25.12,REGULAR,1663286400,1643821730,0.21465323928833002,False,P
119,SPY220916P00446000,446.0,USD,25.72,-3.9099998,-13.196085,14.0,413,25.0,25.27,REGULAR,1663286400,1643826451,0.212318667907714,False,P
120,SPY220916P00447000,447.0,USD,29.98,0.0,0.0,30.0,84,25.44,25.72,REGULAR,1663286400,1643661563,0.21208978836059503,False,P
121,SPY220916P00448000,448.0,USD,26.4,-3.4700012,-11.617011,7.0,287,25.77,26.1,REGULAR,1663286400,1643826451,0.211326856536865,False,P
122,SPY220916P00449000,449.0,USD,26.66,-2.8700007999999997,-9.718933,54.0,133,26.13,26.28,REGULAR,1663286400,1643812268,0.209114354248046,False,P
123,SPY220916P00450000,450.0,USD,27.11,-1.0900002,-3.8652487,126.0,5374,26.38,26.68,REGULAR,1663286400,1643826553,0.20842771560668902,False,P
124,SPY220916P00451000,451.0,USD,39.04,0.0,0.0,1.0,30,26.78,27.12,REGULAR,1663286400,1643392691,0.207985215148925,False,P
125,SPY220916P00452000,452.0,USD,28.59,-13.369999,-31.863678,1.0,26,26.99,27.28,REGULAR,1663286400,1643818173,0.205543833312988,False,P
126,SPY220916P00453000,453.0,USD,29.27,-0.6399994,-2.1397505,2.0,554,27.35,27.67,REGULAR,1663286400,1643818351,0.20468934967041003,False,P
127,SPY220916P00454000,454.0,USD,28.49,-2.92,-9.296403,15.0,51,27.81,28.11,REGULAR,1663286400,1643826451,0.204140038757324,False,P
128,SPY220916P00455000,455.0,USD,29.7,-0.12999916,-0.43580008000000003,78.0,1505,28.2,28.52,REGULAR,1663286400,1643818896,0.203354218978881,False,P
129,SPY220916P00456000,456.0,USD,29.19,-10.870001,-27.1343,7.0,327,28.55,28.91,REGULAR,1663286400,1643826451,0.202385295562744,False,P
130,SPY220916P00457000,457.0,USD,42.2,0.0,0.0,2.0,523,28.78,29.28,REGULAR,1663286400,1643227338,0.20124089782714802,True,P
131,SPY220916P00458000,458.0,USD,30.47,-5.7800007,-15.944829,2.0,332,29.2,29.55,REGULAR,1663286400,1643816517,0.199371714859008,True,P
132,SPY220916P00459000,459.0,USD,29.75,-3.6500015,-10.928147,1.0,35,29.53,29.95,REGULAR,1663286400,1643824054,0.198372274169921,True,P
133,SPY220916P00460000,460.0,USD,33.77,0.0,0.0,5.0,3085,29.9,30.24,REGULAR,1663286400,1643739307,0.196556496429443,True,P
134,SPY220916P00461000,461.0,USD,36.26,0.0,0.0,1.0,685,30.29,30.67,REGULAR,1663286400,1643653935,0.19568675415039002,True,P
135,SPY220916P00462000,462.0,USD,31.15,-0.9400005300000001,-2.9292629999999997,2.0,66,30.86,31.22,REGULAR,1663286400,1643827193,0.195610460968017,True,P
136,SPY220916P00463000,463.0,USD,43.29,0.0,0.0,5.0,564,31.25,31.54,REGULAR,1663286400,1642797515,0.19390149368286103,True,P
137,SPY220916P00464000,464.0,USD,50.0,0.0,0.0,1.0,411,31.51,31.86,REGULAR,1663286400,1643126893,0.192146750488281,True,P
138,SPY220916P00465000,465.0,USD,35.93,0.0,0.0,2.0,2476,31.79,32.72,REGULAR,1663286400,1643739278,0.19412274391174303,True,P
139,SPY220916P00466000,466.0,USD,55.4,0.0,0.0,2.0,131,32.2,33.05,REGULAR,1663286400,1643043875,0.192360371398925,True,P
140,SPY220916P00467000,467.0,USD,49.9,0.0,0.0,1.0,233,32.49,33.43,REGULAR,1663286400,1643121197,0.19091080093383703,True,P
141,SPY220916P00468000,468.0,USD,44.4,0.0,0.0,3.0,571,33.0,34.06,REGULAR,1663286400,1643210110,0.191154939117431,True,P
142,SPY220916P00469000,469.0,USD,59.11,0.0,0.0,3.0,27,33.53,34.54,REGULAR,1663286400,1643045752,0.19031571411132803,True,P
143,SPY220916P00470000,470.0,USD,40.94,0.0,0.0,4.0,418,33.98,34.81,REGULAR,1663286400,1643650809,0.187965884094238,True,P
144,SPY220916P00471000,471.0,USD,55.62,0.0,0.0,1.0,6,34.27,35.23,REGULAR,1663286400,1643049258,0.18662312408447201,True,P
145,SPY220916P00472000,472.0,USD,40.0,0.0,0.0,7.0,461,34.73,35.75,REGULAR,1663286400,1643662235,0.185936485443115,True,P
146,SPY220916P00473000,473.0,USD,44.32,0.0,0.0,1.0,18,35.13,36.34,REGULAR,1663286400,1643643570,0.18570760589599603,True,P
147,SPY220916P00474000,474.0,USD,46.4,0.0,0.0,1.0,9,35.69,36.83,REGULAR,1663286400,1642789134,0.184731053161621,True,P
148,SPY220916P00475000,475.0,USD,43.1,0.0,0.0,3.0,85,36.07,37.36,REGULAR,1663286400,1643651648,0.183983379974365,True,P
149,SPY220916P00476000,476.0,USD,41.31,0.0,0.0,1.0,36,36.57,37.87,REGULAR,1663286400,1643731001,0.18305260314941402,True,P
150,SPY220916P00477000,477.0,USD,61.81,0.0,0.0,2.0,55,37.09,38.47,REGULAR,1663286400,1643037600,0.182732171783447,True,P
151,SPY220916P00478000,478.0,USD,59.68,0.0,0.0,45.0,37,37.58,38.89,REGULAR,1663286400,1643036805,0.18106898040771402,True,P
152,SPY220916P00479000,479.0,USD,38.0,0.0,0.0,4.0,9,38.27,39.51,REGULAR,1663286400,1642181065,0.180794324951171,True,P
153,SPY220916P00480000,480.0,USD,41.0,0.0,0.0,1.0,112,38.61,39.98,REGULAR,1663286400,1643748897,0.179390530395507,True,P
154,SPY220916P00481000,481.0,USD,41.15,0.0,0.0,,1,46.93,49.78,REGULAR,1663286400,1640116010,0.24485008087158203,True,P
155,SPY220916P00482000,482.0,USD,61.7,0.0,0.0,1.0,5,39.87,41.04,REGULAR,1663286400,1643051930,0.17731535583496003,True,P
156,SPY220916P00483000,483.0,USD,40.42,0.0,0.0,1.0,2,37.51,38.61,REGULAR,1663286400,1639079932,0.15407645248413002,True,P
157,SPY220916P00484000,484.0,USD,42.8,0.0,0.0,1.0,4,40.83,42.2,REGULAR,1663286400,1642692686,0.175774233551025,True,P
158,SPY220916P00485000,485.0,USD,44.78,0.0,0.0,6.0,12,38.47,38.99,REGULAR,1663286400,1639753337,0.14606566833496,True,P
159,SPY220916P00486000,486.0,USD,41.18,0.0,0.0,,6,41.98,43.37,REGULAR,1663286400,1642482072,0.17411104217529302,True,P
160,SPY220916P00488000,488.0,USD,44.49,0.0,0.0,,1,43.17,44.57,REGULAR,1663286400,1642698745,0.17249362670898402,True,P
161,SPY220916P00490000,490.0,USD,62.33,0.0,0.0,1.0,57,44.56,45.81,REGULAR,1663286400,1643400593,0.170967763061523,True,P
162,SPY220916P00491000,491.0,USD,52.06,0.0,0.0,,0,0.0,0.0,REGULAR,1663286400,1639372077,1e-05,True,P
163,SPY220916P00493000,493.0,USD,44.65,0.0,0.0,2.0,2,48.02,49.82,REGULAR,1663286400,1637353228,0.18515829498291,True,P
164,SPY220916P00494000,494.0,USD,49.96,0.0,0.0,,0,0.0,0.0,REGULAR,1663286400,1639372078,1e-05,True,P
165,SPY220916P00495000,495.0,USD,58.87,0.0,0.0,3.0,7,47.71,49.14,REGULAR,1663286400,1643646224,0.16808388076782202,True,P
166,SPY220916P00496000,496.0,USD,52.13,0.0,0.0,1.0,1,48.4,49.82,REGULAR,1663286400,1642609482,0.16747353530883702,True,P
167,SPY220916P00500000,500.0,USD,52.0,-22.019997,-29.748714,5.0,1038,51.27,52.57,REGULAR,1663286400,1643828645,0.164757498016357,True,P
168,SPY220916P00503000,503.0,USD,59.88,0.0,0.0,2.0,5,53.52,54.76,REGULAR,1663286400,1643735980,0.16326215164184502,True,P
169,SPY220916P00505000,505.0,USD,58.05,0.0,0.0,1.0,0,55.04,56.37,REGULAR,1663286400,1642610058,0.163368962097168,True,P
170,SPY220916P00507000,507.0,USD,44.46,0.0,0.0,,2,70.15,72.64,REGULAR,1663286400,1640888398,0.281333480682373,True,P
171,SPY220916P00508000,508.0,USD,51.27,0.0,0.0,1.0,4,57.33,58.62,REGULAR,1663286400,1642096602,0.16169051208496002,True,P
172,SPY220916P00510000,510.0,USD,61.7,-0.09000015,-0.14565489,4.0,30,58.92,60.24,REGULAR,1663286400,1643819409,0.16146163253784102,True,P
173,SPY220916P00515000,515.0,USD,61.32,0.0,0.0,1.0,10,63.08,64.47,REGULAR,1663286400,1642185776,0.161995684814453,True,P
174,SPY220916P00520000,520.0,USD,80.0,0.0,0.0,9.0,18,67.67,69.14,REGULAR,1663286400,1642776237,0.16639017211914,True,P
175,SPY220916P00525000,525.0,USD,69.51,0.0,0.0,1.0,285,71.91,73.22,REGULAR,1663286400,1642185776,0.163582583007812,True,P
176,SPY220916P00530000,530.0,USD,89.0,0.0,0.0,1.0,585,76.38,77.77,REGULAR,1663286400,1643642499,0.16529155029296802,True,P
177,SPY220916P00535000,535.0,USD,163.24,0.0,0.0,,510,70.71,72.97,REGULAR,1663286400,1636544840,1e-05,True,P
178,SPY220916P00540000,540.0,USD,109.5,0.0,0.0,1.0,426,74.98,77.27,REGULAR,1663286400,1636544840,1e-05,True,P
179,SPY220916P00545000,545.0,USD,110.23,0.0,0.0,20.0,278,79.37,81.68,REGULAR,1663286400,1636544841,1e-05,True,P
180,SPY220916P00550000,550.0,USD,111.52,0.0,0.0,1.0,120,95.25,96.62,REGULAR,1663286400,1643295320,0.17551483673095702,True,P
181,SPY220916P00555000,555.0,USD,183.17,0.0,0.0,222.0,355,88.43,90.77,REGULAR,1663286400,1636544841,1e-05,True,P
182,SPY220916P00560000,560.0,USD,90.42,0.0,0.0,1.0,356,119.75,121.74,REGULAR,1663286400,1640616827,0.345953806152343,True,P
183,SPY220916P00565000,565.0,USD,100.63,0.0,0.0,2.0,24,97.76,100.12,REGULAR,1663286400,1636384207,1e-05,True,P
184,SPY220916P00610000,610.0,USD,139.59,0.0,0.0,1.0,21,153.83,156.75,REGULAR,1663286400,1642084201,0.245124736328125,True,P
185,SPY220916P00615000,615.0,USD,179.8,0.0,0.0,1.0,0,145.9,148.74,REGULAR,1663286400,1636544845,1e-05,True,P
186,SPY220916P00620000,620.0,USD,170.79,0.0,0.0,20.0,21,152.69,155.09,REGULAR,1663286400,1634753312,1e-05,True,P
187,SPY220916P00665000,665.0,USD,198.56,0.0,0.0,2.0,4,195.32,198.25,REGULAR,1663286400,1636384207,1e-05,True,P
188,SPY220916P00675000,675.0,USD,217.29,0.0,0.0,1.0,1,205.98,208.47,REGULAR,1663286400,1638819607,1e-05,True,P
0,SPY220916C00140000,140.0,USD,293.9,0.0,0.0,2.0,1,315.37,318.14,REGULAR,1663286400,1643121508,0.6704134521484371,True,C
1,SPY220916C00170000,170.0,USD,297.3,0.0,0.0,2.0,0,293.96,296.81,REGULAR,1663286400,1639686424,0.9641116870117181,True,C
2,SPY220916C00180000,180.0,USD,208.18,0.0,0.0,1.0,1,289.24,292.26,REGULAR,1663286400,1636544794,1.047001835327148,True,C
3,SPY220916C00185000,185.0,USD,197.48,0.0,0.0,1.0,0,284.24,287.25,REGULAR,1663286400,1636544794,1.020238053131103,True,C
4,SPY220916C00190000,190.0,USD,276.05,0.0,0.0,,0,274.09,276.89,REGULAR,1663286400,1639685242,0.870728831787109,True,C
5,SPY220916C00195000,195.0,USD,239.5,0.0,0.0,1.0,2,260.21,263.13,REGULAR,1663286400,1643121538,0.5976602734375001,True,C
6,SPY220916C00200000,200.0,USD,251.86,0.0,0.0,10.0,1,255.57,258.29,REGULAR,1663286400,1643746280,0.590030955200195,True,C
7,SPY220916C00205000,205.0,USD,212.71,0.0,0.0,10.0,10,264.26,267.24,REGULAR,1663286400,1636544795,0.921173883972168,True,C
8,SPY220916C00210000,210.0,USD,245.25,0.0,0.0,1.0,1,242.25,243.49,REGULAR,1663286400,1640033319,1e-05,True,C
9,SPY220916C00220000,220.0,USD,230.71,0.0,0.0,5.0,7,236.42,237.76,REGULAR,1663286400,1643734246,0.50153086364746,True,C
10,SPY220916C00225000,225.0,USD,228.1,0.0,0.0,6.0,16,231.69,233.12,REGULAR,1663286400,1643749191,0.50623052368164,True,C
11,SPY220916C00230000,230.0,USD,236.03,0.0,0.0,20.0,8,235.59,237.05,REGULAR,1663286400,1639685242,0.724612128906249,True,C
12,SPY220916C00235000,235.0,USD,216.16,0.0,0.0,5.0,7,221.83,223.36,REGULAR,1663286400,1643734280,0.48932395446777305,True,C
13,SPY220916C00240000,240.0,USD,229.36,0.0,0.0,1.0,1,216.92,218.15,REGULAR,1663286400,1641929876,0.46655806884765605,True,C
14,SPY220916C00245000,245.0,USD,213.73,0.0,0.0,46.0,28,212.0,213.15,REGULAR,1663286400,1642700057,0.45337460693359305,True,C
15,SPY220916C00250000,250.0,USD,218.21,0.0,0.0,53.0,132,206.89,208.23,REGULAR,1663286400,1642103526,0.443914252319335,True,C
16,SPY220916C00260000,260.0,USD,211.01,0.0,0.0,4.0,14,197.1,198.46,REGULAR,1663286400,1642089839,0.427556994018554,True,C
17,SPY220916C00265000,265.0,USD,198.52,0.0,0.0,2.0,14,192.41,193.87,REGULAR,1663286400,1641841012,0.42944906494140606,True,C
18,SPY220916C00270000,270.0,USD,200.1,0.0,0.0,8.0,14,187.33,188.82,REGULAR,1663286400,1642098123,0.41522801574707,True,C
19,SPY220916C00275000,275.0,USD,177.17,0.0,0.0,10.0,36,182.84,184.06,REGULAR,1663286400,1643735276,0.410406286621093,True,C
20,SPY220916C00280000,280.0,USD,156.1,0.0,0.0,3.0,42,177.97,179.4,REGULAR,1663286400,1643230612,0.40808697387695303,True,C
21,SPY220916C00285000,285.0,USD,184.84,0.0,0.0,1.0,13,172.93,174.26,REGULAR,1663286400,1642101390,0.39172971557617103,True,C
22,SPY220916C00290000,290.0,USD,142.9,0.0,0.0,7.0,70,168.29,169.63,REGULAR,1663286400,1643047723,0.389654541015625,True,C
23,SPY220916C00295000,295.0,USD,163.96,0.0,0.0,1.0,94,163.46,164.73,REGULAR,1663286400,1642704021,0.380011082763671,True,C
24,SPY220916C00300000,300.0,USD,157.3,4.600006,3.0124466,1.0,339,158.65,160.03,REGULAR,1663286400,1643740513,0.375250388183593,True,C
25,SPY220916C00305000,305.0,USD,130.0,0.0,0.0,1.0,32,153.48,154.97,REGULAR,1663286400,1643384544,0.36182278808593704,True,C
26,SPY220916C00310000,310.0,USD,160.8,0.0,0.0,2.0,28,149.08,150.48,REGULAR,1663286400,1641919520,0.361212442626953,True,C
27,SPY220916C00315000,315.0,USD,122.35,0.0,0.0,3.0,63,144.04,145.46,REGULAR,1663286400,1643311567,0.34882242980957,True,C
28,SPY220916C00320000,320.0,USD,122.5,0.0,0.0,3.0,353,139.3,140.74,REGULAR,1663286400,1643389070,0.34265794067382804,True,C
29,SPY220916C00325000,325.0,USD,117.15,0.0,0.0,2.0,545,134.95,136.31,REGULAR,1663286400,1643400715,0.341589836120605,True,C
30,SPY220916C00330000,330.0,USD,112.7,0.0,0.0,1.0,100,130.08,131.36,REGULAR,1663286400,1643400742,0.330542583312988,True,C
31,SPY220916C00335000,335.0,USD,140.5,0.0,0.0,1.0,61,134.19,135.09,REGULAR,1663286400,1639666036,0.44183907775878906,True,C
32,SPY220916C00340000,340.0,USD,120.75,9.5,8.539325999999999,1.0,1358,120.98,122.26,REGULAR,1663286400,1643812624,0.32178412597656203,True,C
33,SPY220916C00345000,345.0,USD,96.25,0.0,0.0,1.0,262,116.47,117.68,REGULAR,1663286400,1643308592,0.31626049957275304,True,C
34,SPY220916C00350000,350.0,USD,90.0,0.0,0.0,2.0,148,111.48,112.96,REGULAR,1663286400,1643039317,0.30832600860595705,True,C
35,SPY220916C00355000,355.0,USD,101.01,0.0,0.0,1.0,82,106.97,108.45,REGULAR,1663286400,1643657143,0.30313807220458905,True,C
36,SPY220916C00358000,358.0,USD,103.3,12.400002,13.641365,1.0,2,104.28,105.77,REGULAR,1663286400,1643814940,0.300147379455566,True,C
37,SPY220916C00360000,360.0,USD,101.85,7.709999,8.189929,6.0,219,102.83,104.24,REGULAR,1663286400,1643815206,0.30142910491943303,True,C
38,SPY220916C00362000,362.0,USD,100.57,18.150002,22.021357,1.0,1,101.13,102.21,REGULAR,1663286400,1643122156,0.296119099426269,True,C
39,SPY220916C00364000,364.0,USD,92.2,0.0,0.0,1.0,8,99.28,100.69,REGULAR,1663286400,1643654001,0.297263497161865,True,C
40,SPY220916C00365000,365.0,USD,92.06,0.0,0.0,2.0,1092,98.4,99.73,REGULAR,1663286400,1643728103,0.295279874420165,True,C
41,SPY220916C00366000,366.0,USD,85.25,0.0,0.0,1.0,18,97.29,98.93,REGULAR,1663286400,1643212225,0.295264615783691,True,C
42,SPY220916C00368000,368.0,USD,93.18,0.0,0.0,,2,95.52,96.93,REGULAR,1663286400,1642709326,0.29029030029296804,True,C
43,SPY220916C00370000,370.0,USD,88.38,0.0,0.0,21.0,287,93.6,95.42,REGULAR,1663286400,1643728752,0.29114478393554605,True,C
44,SPY220916C00372000,372.0,USD,77.0,0.0,0.0,2.0,4,91.85,93.44,REGULAR,1663286400,1643390137,0.28635357208251905,True,C
45,SPY220916C00375000,375.0,USD,77.99,0.0,0.0,2.0,180,89.4,91.0,REGULAR,1663286400,1643208043,0.285239691619873,True,C
46,SPY220916C00380000,380.0,USD,65.35,0.0,0.0,1.0,419,85.17,86.55,REGULAR,1663286400,1643381038,0.278617443389892,True,C
47,SPY220916C00382000,382.0,USD,106.25,0.0,0.0,,1,83.4,85.0,REGULAR,1663286400,1641307698,0.27832752929687504,True,C
48,SPY220916C00383000,383.0,USD,63.1,0.0,0.0,2.0,4,82.37,84.0,REGULAR,1663286400,1643380775,0.275748819732665,True,C
49,SPY220916C00385000,385.0,USD,81.2,5.919998,7.863972,2.0,370,80.9,82.46,REGULAR,1663286400,1643827174,0.275397871093749,True,C
50,SPY220916C00386000,386.0,USD,60.15,0.0,0.0,2.0,4,80.06,81.54,REGULAR,1663286400,1643047109,0.273627869262695,True,C
51,SPY220916C00387000,387.0,USD,61.0,0.0,0.0,,1,79.21,80.75,REGULAR,1663286400,1643053027,0.27317011016845705,True,C
52,SPY220916C00388000,388.0,USD,76.97,14.970001,24.145163,1.0,10,78.37,79.93,REGULAR,1663286400,1643818365,0.27237666107177705,True,C
53,SPY220916C00389000,389.0,USD,90.67,0.0,0.0,1.0,5,93.05,94.09,REGULAR,1663286400,1637678779,0.40855999160766604,True,C
54,SPY220916C00390000,390.0,USD,71.19,0.0,0.0,6.0,662,76.61,78.24,REGULAR,1663286400,1643661546,0.27024045196533203,True,C
55,SPY220916C00393000,393.0,USD,89.26,0.0,0.0,,1,74.19,75.77,REGULAR,1663286400,1641411792,0.26750915603637704,True,C
56,SPY220916C00394000,394.0,USD,86.19,0.0,0.0,1.0,3,88.28,90.01,REGULAR,1663286400,1637074186,0.400427138366699,True,C
57,SPY220916C00395000,395.0,USD,78.3,0.0,0.0,10.0,291,72.53,74.08,REGULAR,1663286400,1641826403,0.26517458465576105,True,C
58,SPY220916C00396000,396.0,USD,76.9,0.0,0.0,3.0,2,71.35,74.79,REGULAR,1663286400,1635537291,0.278541150207519,True,C
59,SPY220916C00397000,397.0,USD,54.65,0.0,0.0,1.0,1,84.8,86.61,REGULAR,1663286400,1636544813,0.38744203872680605,True,C
60,SPY220916C00398000,398.0,USD,71.06,0.0,0.0,1.0,1,75.3,79.1,REGULAR,1663286400,1635177071,0.32903197830200104,True,C
61,SPY220916C00399000,399.0,USD,82.99,0.0,0.0,5.0,6,69.21,70.75,REGULAR,1663286400,1641415904,0.26073432144165004,True,C
62,SPY220916C00400000,400.0,USD,69.02,5.0199966,7.8437448,14.0,1150,68.43,69.96,REGULAR,1663286400,1643824070,0.25995613098144504,True,C
63,SPY220916C00401000,401.0,USD,87.46,0.0,0.0,10.0,11,51.17,54.36,REGULAR,1663286400,1640631693,1e-05,True,C
64,SPY220916C00402000,402.0,USD,78.91,0.0,0.0,7.0,11,79.81,80.89,REGULAR,1663286400,1639419319,0.365530636749267,True,C
65,SPY220916C00404000,404.0,USD,55.24,0.0,0.0,1.0,3,65.14,66.67,REGULAR,1663286400,1643057514,0.25547009185791003,True,C
66,SPY220916C00405000,405.0,USD,48.89,0.0,0.0,2.0,1174,64.17,65.7,REGULAR,1663286400,1643316553,0.252998192749023,True,C
67,SPY220916C00407000,407.0,USD,57.05,0.0,0.0,1.0,0,76.58,78.31,REGULAR,1663286400,1636544816,0.369223226776123,True,C
68,SPY220916C00408000,408.0,USD,57.63,0.0,0.0,1.0,1,74.75,76.26,REGULAR,1663286400,1634577399,0.357550369873046,True,C
69,SPY220916C00409000,409.0,USD,72.22,0.0,0.0,5.0,32,64.15,66.04,REGULAR,1663286400,1636036745,0.278983650665283,True,C
70,SPY220916C00410000,410.0,USD,56.39,0.0,0.0,1.0,459,60.4,61.89,REGULAR,1663286400,1643741474,0.24947344772338803,True,C
71,SPY220916C00411000,411.0,USD,77.82,0.0,0.0,4.0,6,50.09,51.07,REGULAR,1663286400,1640618234,0.15602955795288,True,C
72,SPY220916C00412000,412.0,USD,43.38,0.0,0.0,1.0,2,58.83,60.03,REGULAR,1663286400,1643049931,0.24503318450927702,True,C
73,SPY220916C00413000,413.0,USD,70.1,0.0,0.0,1.0,1,58.07,59.47,REGULAR,1663286400,1641931849,0.24590292678833,True,C
74,SPY220916C00414000,414.0,USD,41.24,0.0,0.0,3.0,3,57.31,58.7,REGULAR,1663286400,1643040763,0.24497214996337802,True,C
75,SPY220916C00415000,415.0,USD,40.62,0.0,0.0,20.0,605,56.52,57.93,REGULAR,1663286400,1643040763,0.24402611450195302,True,C
76,SPY220916C00416000,416.0,USD,41.76,0.0,0.0,1.0,14,55.74,57.18,REGULAR,1663286400,1643227885,0.24321740676879802,True,C
77,SPY220916C00417000,417.0,USD,41.07,0.0,0.0,1.0,13,54.96,56.39,REGULAR,1663286400,1643227885,0.24205775039672803,True,C
78,SPY220916C00418000,418.0,USD,67.0,0.0,0.0,2.0,3,61.52,63.94,REGULAR,1663286400,1637254724,0.30721212814331,True,C
79,SPY220916C00419000,419.0,USD,46.65,0.0,0.0,13.0,12,53.44,54.63,REGULAR,1663286400,1643646465,0.23819731536865202,True,C
80,SPY220916C00420000,420.0,USD,52.83,3.5300026,7.1602483,23.0,2361,52.69,53.48,REGULAR,1663286400,1643828523,0.23407748352050703,True,C
81,SPY220916C00421000,421.0,USD,35.0,0.0,0.0,2.0,10,51.92,53.26,REGULAR,1663286400,1643044927,0.23740386627197202,True,C
82,SPY220916C00422000,422.0,USD,65.89,0.0,0.0,10.0,11,59.28,59.94,REGULAR,1663286400,1639670381,0.29450168395996,True,C
83,SPY220916C00423000,423.0,USD,35.7,0.0,0.0,7.0,2,50.4,51.56,REGULAR,1663286400,1643052219,0.23387912124633703,True,C
84,SPY220916C00424000,424.0,USD,57.81,0.0,0.0,2.0,42,57.73,58.38,REGULAR,1663286400,1639774458,0.29148047393798804,True,C
85,SPY220916C00425000,425.0,USD,47.8,4.049999,9.257141,6.0,3765,48.62,50.12,REGULAR,1663286400,1643818815,0.232307481689453,True,C
86,SPY220916C00426000,426.0,USD,47.4,7.1000023,17.617872,2.0,37,47.88,49.29,REGULAR,1663286400,1643813008,0.23062903167724602,True,C
87,SPY220916C00428000,428.0,USD,41.39,0.0,0.0,21.0,37,46.41,47.73,REGULAR,1663286400,1643651474,0.227974028930664,True,C
88,SPY220916C00429000,429.0,USD,44.85,2.5499992000000002,6.028367,2.0,59,45.89,47.15,REGULAR,1663286400,1643729017,0.228141873931884,True,C
89,SPY220916C00430000,430.0,USD,45.49,1.9900017,4.5747166,6.0,4760,45.19,46.43,REGULAR,1663286400,1643827504,0.22721109710693302,True,C
90,SPY220916C00431000,431.0,USD,38.3,0.0,0.0,1.0,22,44.43,45.69,REGULAR,1663286400,1643643717,0.22608195800781203,True,C
91,SPY220916C00432000,432.0,USD,40.14,0.0,0.0,2.0,924,43.7,44.99,REGULAR,1663286400,1643662958,0.22524273300170802,True,C
92,SPY220916C00433000,433.0,USD,39.69,0.0,0.0,1.0,80,43.31,44.21,REGULAR,1663286400,1643662863,0.223777903900146,True,C
93,SPY220916C00434000,434.0,USD,41.49,6.6900024,19.224146,49.0,77,42.43,43.53,REGULAR,1663286400,1643812248,0.22303023071289002,True,C
94,SPY220916C00435000,435.0,USD,39.97,1.5300026,3.9802358,1.0,2469,41.7,42.65,REGULAR,1663286400,1643818144,0.220756693878173,True,C
95,SPY220916C00436000,436.0,USD,40.5,2.6899986,7.1145163,1.0,206,41.01,41.91,REGULAR,1663286400,1643812481,0.21950548568725503,True,C
96,SPY220916C00437000,437.0,USD,37.13,0.0,0.0,2.0,43,40.44,41.37,REGULAR,1663286400,1643740043,0.21970384796142503,True,C
97,SPY220916C00438000,438.0,USD,36.52,0.0,0.0,1.0,36,39.75,40.63,REGULAR,1663286400,1643662671,0.21839160522460901,True,C
98,SPY220916C00439000,439.0,USD,34.09,0.0,0.0,4.0,76,39.03,39.91,REGULAR,1663286400,1643661058,0.21720143157958902,True,C
99,SPY220916C00440000,440.0,USD,38.2,2.2000007999999998,6.111113,15.0,5970,38.32,39.0,REGULAR,1663286400,1643825710,0.21460746337890602,True,C
100,SPY220916C00441000,441.0,USD,34.23,0.0,0.0,3000.0,3032,37.62,38.34,REGULAR,1663286400,1643744413,0.21379875564575102,True,C
101,SPY220916C00442000,442.0,USD,34.07,0.0,0.0,21.0,988,36.96,37.56,REGULAR,1663286400,1643745838,0.21208978836059503,True,C
102,SPY220916C00443000,443.0,USD,35.2,1.7999991999999998,5.389219,11.0,553,36.26,37.02,REGULAR,1663286400,1643815429,0.21207452972412102,True,C
103,SPY220916C00444000,444.0,USD,32.13,0.0,0.0,7.0,765,35.4,36.18,REGULAR,1663286400,1643743785,0.20987728607177703,True,C
104,SPY220916C00445000,445.0,USD,34.5,2.369999,7.3762803,5.0,5988,34.86,35.55,REGULAR,1663286400,1643814556,0.20916013015747,True,C
105,SPY220916C00446000,446.0,USD,34.14,1.7399979,5.3703637,1.0,1191,34.17,34.86,REGULAR,1663286400,1643827717,0.207985215148925,True,C
106,SPY220916C00447000,447.0,USD,30.16,0.0,0.0,4.0,1162,33.5,34.2,REGULAR,1663286400,1643739917,0.206978145141601,True,C
107,SPY220916C00448000,448.0,USD,29.54,0.0,0.0,4.0,584,32.69,33.39,REGULAR,1663286400,1643738866,0.20488771194458003,True,C
108,SPY220916C00449000,449.0,USD,31.0,2.1100006,7.3035674,5.0,44,32.16,32.83,REGULAR,1663286400,1643816221,0.204521504669189,True,C
109,SPY220916C00450000,450.0,USD,31.29,1.2900009,4.300003,46.0,7546,31.58,31.97,REGULAR,1663286400,1643826699,0.20201908828735302,True,C
110,SPY220916C00451000,451.0,USD,27.89,0.0,0.0,1.0,288,30.92,31.3,REGULAR,1663286400,1643738323,0.20081365600585901,True,C
111,SPY220916C00452000,452.0,USD,29.31,3.9399986,15.5301485,3.0,584,30.1,30.66,REGULAR,1663286400,1643818351,0.19979132736206,True,C
112,SPY220916C00453000,453.0,USD,28.51,6.24,28.019756,4.0,499,29.61,29.98,REGULAR,1663286400,1643818173,0.19844856735229402,True,C
113,SPY220916C00454000,454.0,USD,29.0,3.25,12.621359,3.0,1142,28.83,29.18,REGULAR,1663286400,1643824053,0.19623606506347602,True,C
114,SPY220916C00455000,455.0,USD,27.4,0.9899998,3.7485793,9.0,4052,28.18,28.55,REGULAR,1663286400,1643821492,0.195175589828491,True,C
115,SPY220916C00456000,456.0,USD,27.46,2.6899986,10.859906,2.0,90,27.69,27.99,REGULAR,1663286400,1643826725,0.194572873687744,True,C
116,SPY220916C00457000,457.0,USD,26.47,6.24,30.84528,1.0,69,26.93,27.26,REGULAR,1663286400,1643822468,0.192741837310791,False,C
117,SPY220916C00458000,458.0,USD,26.1,3.7000007999999998,16.51786,3.0,125,26.38,26.78,REGULAR,1663286400,1643816772,0.19261976821899401,False,C
118,SPY220916C00459000,459.0,USD,18.6,0.0,0.0,2.0,65,25.67,25.98,REGULAR,1663286400,1643298782,0.19022416229248001,False,C
119,SPY220916C00460000,460.0,USD,25.1,2.8400002,12.75831,33.0,2124,25.22,25.5,REGULAR,1663286400,1643825415,0.190018170700073,False,C
120,SPY220916C00461000,461.0,USD,15.67,0.0,0.0,3.0,323,24.53,24.77,REGULAR,1663286400,1643316263,0.18802691864013601,False,C
121,SPY220916C00462000,462.0,USD,22.67,1.3999996,6.582039,2.0,74,23.99,24.16,REGULAR,1663286400,1643820020,0.18685200363159102,False,C
122,SPY220916C00463000,463.0,USD,16.71,0.0,0.0,2.0,51,23.39,23.72,REGULAR,1663286400,1643298483,0.186806227722167,False,C
123,SPY220916C00464000,464.0,USD,16.97,0.0,0.0,2.0,92,22.79,23.11,REGULAR,1663286400,1643299914,0.185539760894775,False,C
124,SPY220916C00465000,465.0,USD,21.24,1.7099991,8.755755,8.0,1848,22.23,22.54,REGULAR,1663286400,1643815283,0.18450217361450102,False,C
125,SPY220916C00466000,466.0,USD,12.93,0.0,0.0,66.0,292,21.53,21.85,REGULAR,1663286400,1643316017,0.182594844055175,False,C
126,SPY220916C00467000,467.0,USD,13.73,0.0,0.0,1.0,108,21.08,21.38,REGULAR,1663286400,1643393102,0.182167602233886,False,C
127,SPY220916C00468000,468.0,USD,19.42,4.62,31.216215,7.0,136,20.38,20.69,REGULAR,1663286400,1643816090,0.180168720855712,False,C
128,SPY220916C00469000,469.0,USD,16.5,0.0,0.0,5.0,106,19.97,20.23,REGULAR,1663286400,1643660066,0.17972622039794903,False,C
129,SPY220916C00470000,470.0,USD,18.94,1.25,7.0661387,18.0,2946,19.39,19.69,REGULAR,1663286400,1643822347,0.17868863311767502,False,C
130,SPY220916C00471000,471.0,USD,13.72,0.0,0.0,2.0,89,18.88,19.09,REGULAR,1663286400,1643299910,0.177178028106689,False,C
131,SPY220916C00472000,472.0,USD,16.13,0.0,0.0,4.0,963,18.27,18.49,REGULAR,1663286400,1643742685,0.175621647186279,False,C
132,SPY220916C00473000,473.0,USD,12.27,0.0,0.0,3.0,37,17.75,18.07,REGULAR,1663286400,1643298491,0.17530121582031202,False,C
133,SPY220916C00474000,474.0,USD,11.86,0.0,0.0,2.0,24,17.27,17.55,REGULAR,1663286400,1643298491,0.17420259399414,False,C
134,SPY220916C00475000,475.0,USD,16.5,1.29,8.481262,9.0,2770,16.79,17.04,REGULAR,1663286400,1643822221,0.173149748077392,False,C
135,SPY220916C00476000,476.0,USD,15.81,5.71,56.534653,12.0,70,16.29,16.54,REGULAR,1663286400,1643814786,0.17210453147888102,False,C
136,SPY220916C00477000,477.0,USD,8.3,0.0,0.0,3.0,605,15.8,15.94,REGULAR,1663286400,1643381508,0.17029638305664002,False,C
137,SPY220916C00478000,478.0,USD,10.84,0.0,0.0,4.0,41,15.32,15.57,REGULAR,1663286400,1643302803,0.17008276214599602,False,C
138,SPY220916C00479000,479.0,USD,9.99,0.0,0.0,2.0,44,14.84,15.09,REGULAR,1663286400,1643298477,0.16904517486572201,False,C
139,SPY220916C00480000,480.0,USD,14.41,1.0799999,8.102025,21.0,2189,14.37,14.55,REGULAR,1663286400,1643827354,0.16750405258178702,False,C
140,SPY220916C00481000,481.0,USD,9.3,0.0,0.0,2.0,11,13.81,14.07,REGULAR,1663286400,1643298477,0.166344396209716,False,C
141,SPY220916C00482000,482.0,USD,11.63,0.0,0.0,2.0,39,13.36,13.59,REGULAR,1663286400,1643742027,0.165138963928222,False,C
142,SPY220916C00483000,483.0,USD,7.55,0.0,0.0,15.0,17,13.03,13.24,REGULAR,1663286400,1643397554,0.16483379119873,False,C
143,SPY220916C00484000,484.0,USD,8.33,0.0,0.0,3.0,47,12.5,12.71,REGULAR,1663286400,1643298511,0.163140082550048,False,C
144,SPY220916C00485000,485.0,USD,11.81,1.46,14.106279,3.0,1329,12.16,12.37,REGULAR,1663286400,1643814140,0.162804392547607,False,C
145,SPY220916C00486000,486.0,USD,7.74,0.0,0.0,2.0,37,11.75,11.94,REGULAR,1663286400,1643298477,0.161751546630859,False,C
146,SPY220916C00487000,487.0,USD,9.85,0.0,0.0,2.0,28,11.28,11.57,REGULAR,1663286400,1643745740,0.16109542526245102,False,C
147,SPY220916C00488000,488.0,USD,7.28,0.0,0.0,2.0,38,10.9,11.09,REGULAR,1663286400,1643298447,0.15953904434204103,False,C
148,SPY220916C00489000,489.0,USD,9.9,0.0,0.0,2.0,14,10.52,10.71,REGULAR,1663286400,1643298447,0.15868456069946202,False,C
149,SPY220916C00490000,490.0,USD,10.04,1.4399996,16.74418,2.0,2809,10.15,10.34,REGULAR,1663286400,1643826369,0.15786059432983301,False,C
150,SPY220916C00491000,491.0,USD,6.94,0.0,0.0,5.0,21,9.85,9.96,REGULAR,1663286400,1643403840,0.15688404159545902,False,C
151,SPY220916C00492000,492.0,USD,8.89,2.6500006,42.46796,2.0,751,9.44,9.61,REGULAR,1663286400,1643818821,0.15610585113525302,False,C
152,SPY220916C00493000,493.0,USD,6.6,0.0,0.0,1.0,24,9.15,9.31,REGULAR,1663286400,1643639400,0.15567860931396402,False,C
153,SPY220916C00494000,494.0,USD,5.78,0.0,0.0,2.0,7,8.81,8.99,REGULAR,1663286400,1643298447,0.155022487945556,False,C
154,SPY220916C00495000,495.0,USD,7.77,0.40000009999999997,5.4274096,2.0,2868,8.41,8.57,REGULAR,1663286400,1643820255,0.15348136566162102,False,C
155,SPY220916C00496000,496.0,USD,4.45,0.0,0.0,12.0,27,8.12,8.32,REGULAR,1663286400,1643316647,0.15329826202392502,False,C
156,SPY220916C00497000,497.0,USD,5.19,0.0,0.0,2.0,46,7.85,8.0,REGULAR,1663286400,1643298429,0.152459037017822,False,C
157,SPY220916C00498000,498.0,USD,5.01,0.0,0.0,2.0,44,7.5,7.65,REGULAR,1663286400,1643298347,0.15129938064575202,False,C
158,SPY220916C00499000,499.0,USD,7.0,0.5700002,8.864699,1.0,112,7.27,7.41,REGULAR,1663286400,1643812946,0.151039983825683,False,C
159,SPY220916C00500000,500.0,USD,6.9,0.61000013,9.697936,500.0,7397,6.94,7.07,REGULAR,1663286400,1643827830,0.149849810180664,False,C
160,SPY220916C00501000,501.0,USD,4.4,0.0,0.0,2.0,78,6.67,6.8,REGULAR,1663286400,1643298446,0.149193688812255,False,C
161,SPY220916C00502000,502.0,USD,4.27,0.0,0.0,2.0,68,6.41,6.52,REGULAR,1663286400,1643298345,0.148400239715576,False,C
162,SPY220916C00503000,503.0,USD,5.96,0.44000006,7.971016,2.0,14,6.2,6.3,REGULAR,1663286400,1643812637,0.14809506698608402,False,C
163,SPY220916C00504000,504.0,USD,3.95,0.0,0.0,2.0,40,5.95,6.03,REGULAR,1663286400,1643298270,0.14727110061645501,False,C
164,SPY220916C00505000,505.0,USD,5.6,0.69000006,14.052955,3.0,4687,5.66,5.79,REGULAR,1663286400,1643822254,0.14666075515747,False,C
165,SPY220916C00506000,506.0,USD,5.14,1.4699998,40.05449,3.0,56,5.49,5.61,REGULAR,1663286400,1643815213,0.146584461975097,False,C
166,SPY220916C00507000,507.0,USD,3.51,0.0,0.0,2.0,5,5.28,5.38,REGULAR,1663286400,1643298268,0.145958857879638,False,C
167,SPY220916C00508000,508.0,USD,2.88,0.0,0.0,11.0,1170,5.03,5.18,REGULAR,1663286400,1643398190,0.145577391967773,False,C
168,SPY220916C00510000,510.0,USD,4.44,0.3000002,7.2463818,113.0,4898,4.66,4.77,REGULAR,1663286400,1643823079,0.1445398046875,False,C
169,SPY220916C00512000,512.0,USD,2.89,0.0,0.0,4.0,523,4.3,4.39,REGULAR,1663286400,1643298411,0.143563251953125,False,C
170,SPY220916C00515000,515.0,USD,3.84,0.47000003,13.9465885,408.0,4729,3.8,3.89,REGULAR,1663286400,1643828652,0.142464630126953,False,C
171,SPY220916C00520000,520.0,USD,3.14,0.27000022,9.407674,21.0,16859,3.09,3.17,REGULAR,1663286400,1643824846,0.14087773193359301,False,C
172,SPY220916C00525000,525.0,USD,2.11,0.0,0.0,6.0,4274,2.52,2.59,REGULAR,1663286400,1643645867,0.139779110107421,False,C
173,SPY220916C00530000,530.0,USD,1.9100000000000001,0.0,0.0,3001.0,6330,2.07,2.13,REGULAR,1663286400,1643747849,0.139199281921386,False,C
174,SPY220916C00535000,535.0,USD,1.6800000000000002,0.17999995,11.999996,20.0,2806,1.7000000000000002,1.76,REGULAR,1663286400,1643823443,0.138985661010742,False,C
175,SPY220916C00540000,540.0,USD,1.4,0.07999992,6.0606,5.0,6141,1.3900000000000001,1.44,REGULAR,1663286400,1643824660,0.138619453735351,False,C
176,SPY220916C00545000,545.0,USD,1.05,0.0,0.0,110.0,4925,1.1400000000000001,1.19,REGULAR,1663286400,1643660252,0.13868048828125001,False,C
177,SPY220916C00550000,550.0,USD,0.9400000000000001,0.01999998,2.1739109,3.0,11046,0.9400000000000001,0.99,REGULAR,1663286400,1643828589,0.13904669555664,False,C
178,SPY220916C00555000,555.0,USD,0.74,-0.050000012,-6.329115,55.0,1741,0.77,0.8200000000000001,REGULAR,1663286400,1643813487,0.13929083374023402,False,C
179,SPY220916C00560000,560.0,USD,0.65,0.0,0.0,35.0,1735,0.65,0.6900000000000001,REGULAR,1663286400,1643747322,0.140023248291015,False,C
180,SPY220916C00565000,565.0,USD,0.51,-0.00999999,-1.9230752,10.0,342,0.53,0.58,REGULAR,1663286400,1643818023,0.140755662841796,False,C
181,SPY220916C00570000,570.0,USD,0.44,0.0,0.0,1.0,404,0.45,0.49,REGULAR,1663286400,1643739942,0.141610146484375,False,C
182,SPY220916C00575000,575.0,USD,0.36,0.0,0.0,2.0,355,0.38,0.42,REGULAR,1663286400,1643813958,0.14270876831054602,False,C
183,SPY220916C00580000,580.0,USD,0.34,0.0,0.0,25.0,461,0.32,0.37,REGULAR,1663286400,1643746023,0.144417735595703,False,C
184,SPY220916C00585000,585.0,USD,0.30000000000000004,0.0,0.0,6.0,335,0.28,0.32,REGULAR,1663286400,1643299096,0.145638426513671,False,C
185,SPY220916C00590000,590.0,USD,0.24,0.0,0.0,25.0,260,0.24,0.28,REGULAR,1663286400,1643390506,0.14710325561523402,False,C
186,SPY220916C00595000,595.0,USD,0.24,0.0,0.0,6.0,124,0.2,0.24,REGULAR,1663286400,1643299023,0.14807980834960902,False,C
187,SPY220916C00600000,600.0,USD,0.21,0.00999999,4.999995,5.0,6371,0.19,0.21,REGULAR,1663286400,1643816615,0.149422568359375,False,C
188,SPY220916C00605000,605.0,USD,0.19,0.0,0.0,6.0,318,0.15,0.19,REGULAR,1663286400,1643299041,0.151375673828125,False,C
189,SPY220916C00610000,610.0,USD,0.11,0.0,0.0,1.0,206,0.14,0.17,REGULAR,1663286400,1643380460,0.15308464111328102,False,C
190,SPY220916C00615000,615.0,USD,0.16,0.0,0.0,6.0,295,0.12,0.15,REGULAR,1663286400,1643299130,0.154549470214843,False,C
191,SPY220916C00620000,620.0,USD,0.14,0.0,0.0,3.0,792,0.11,0.14,REGULAR,1663286400,1643299097,0.156746713867187,False,C
192,SPY220916C00625000,625.0,USD,0.14,0.0,0.0,5.0,289,0.09,0.13,REGULAR,1663286400,1643300707,0.159188095703125,False,C
193,SPY220916C00630000,630.0,USD,0.12,0.0,0.0,5.0,293,0.08,0.12,REGULAR,1663286400,1643300706,0.16114120117187503,False,C
194,SPY220916C00635000,635.0,USD,0.11,0.0,0.0,15.0,182,0.09,0.11,REGULAR,1663286400,1643748327,0.16309430664062502,False,C
195,SPY220916C00640000,640.0,USD,0.1,-0.009999998000000001,-9.090907,10.0,560,0.06,0.1,REGULAR,1663286400,1643817490,0.164559135742187,False,C
196,SPY220916C00645000,645.0,USD,0.07,0.0,0.0,1.0,82,0.06,0.09,REGULAR,1663286400,1643729083,0.16602396484375,False,C
197,SPY220916C00650000,650.0,USD,0.08,0.0,0.0,6.0,917,0.05,0.09,REGULAR,1663286400,1643659247,0.169441899414062,False,C
198,SPY220916C00655000,655.0,USD,0.09,0.0,0.0,5.0,162,0.05,0.08,REGULAR,1663286400,1643300706,0.170418452148437,False,C
199,SPY220916C00660000,660.0,USD,0.09,0.0,0.0,5.0,50,0.04,0.08,REGULAR,1663286400,1643299129,0.173592248535156,False,C
200,SPY220916C00665000,665.0,USD,0.08,0.0,0.0,5.0,236,0.04,0.07,REGULAR,1663286400,1643300706,0.17432466308593703,False,C
201,SPY220916C00670000,670.0,USD,0.08,0.0,0.0,5.0,28,0.04,0.07,REGULAR,1663286400,1643300706,0.17725432128906202,False,C
202,SPY220916C00675000,675.0,USD,0.07,0.0,0.0,5.0,33,0.03,0.07,REGULAR,1663286400,1643300706,0.18067225585937502,False,C
203,SPY220916C00680000,680.0,USD,0.07,0.0,0.0,5.0,13,0.03,0.06,REGULAR,1663286400,1643300706,0.18067225585937502,False,C
204,SPY220916C00685000,685.0,USD,0.06,0.0,0.0,4.0,30,0.02,0.06,REGULAR,1663286400,1643300706,0.183601914062499,False,C
205,SPY220916C00690000,690.0,USD,0.06,0.0,0.0,4.0,31,0.02,0.06,REGULAR,1663286400,1643300706,0.186531572265625,False,C
206,SPY220916C00695000,695.0,USD,0.06,0.0,0.0,4.0,16,0.02,0.05,REGULAR,1663286400,1643300706,0.186531572265625,False,C
207,SPY220916C00700000,700.0,USD,0.02,0.0,0.0,36.0,125,0.02,0.05,REGULAR,1663286400,1643640015,0.188972954101562,False,C
208,SPY220916C00705000,705.0,USD,0.04,0.0,0.0,5.0,21,0.01,0.05,REGULAR,1663286400,1643392083,0.19190261230468703,False,C
209,SPY220916C00710000,710.0,USD,0.01,0.0,0.0,4.0,78,0.03,0.04,REGULAR,1663286400,1643738034,0.19043778320312502,False,C
