Last,Theor.,IV,Delta,Gamma,Theta,Vega,"Last Trade",Strike,Last,Theor.,IV,Delta,Gamma,Theta,Vega,"Last Trade"
353.11,352.67,149.47%,0.99389,0.00005,-0.02949,0.03173,11/05/21,115.00,0.02,0.02,100.49%,-0.00034,0.00001,-0.00182,0.00252,11/12/21
347.31,347.67,145.11%,0.99370,0.00006,-0.02948,0.03269,11/09/21,120.00,0.02,0.02,95.35%,-0.00027,0.00001,-0.00141,0.00207,11/10/21
159.00,342.67,140.94%,0.99351,0.00006,-0.02947,0.03366,N/A,125.00,0.02,0.02,92.55%,-0.00028,0.00001,-0.00141,0.00213,11/10/21
339.34,337.67,136.94%,0.99331,0.00006,-0.02944,0.03464,11/05/21,130.00,0.02,0.02,91.89%,-0.00037,0.00001,-0.00181,0.00275,11/12/21
0.00,332.67,133.10%,0.99311,0.00007,-0.02942,0.03562,N/A,135.00,0.02,0.01,87.27%,-0.00030,0.00001,-0.00141,0.00225,11/11/21
238.42,327.67,129.41%,0.99291,0.00007,-0.02938,0.03662,03/05/21,140.00,0.02,0.02,86.70%,-0.00039,0.00001,-0.00181,0.00291,11/12/21
276.36,322.67,125.85%,0.99270,0.00008,-0.02935,0.03763,06/17/21,145.00,0.02,0.02,84.24%,-0.00041,0.00001,-0.00181,0.00299,11/08/21
308.64,317.67,122.42%,0.99249,0.00008,-0.02930,0.03865,10/29/21,150.00,0.02,0.03,83.36%,-0.00050,0.00001,-0.00219,0.00366,11/11/21
303.66,312.67,119.11%,0.99228,0.00009,-0.02926,0.03969,10/29/21,155.00,0.02,0.02,79.58%,-0.00043,0.00001,-0.00180,0.00316,11/12/21
287.65,307.67,115.91%,0.99206,0.00009,-0.02921,0.04074,09/16/21,160.00,0.03,0.03,79.98%,-0.00062,0.00001,-0.00256,0.00446,11/12/21
204.80,302.67,112.80%,0.99184,0.00009,-0.02915,0.04181,01/05/21,165.00,0.05,0.03,77.76%,-0.00064,0.00001,-0.00255,0.00458,11/10/21
259.60,297.67,109.80%,0.99161,0.00010,-0.02909,0.04290,10/06/21,170.00,0.04,0.04,76.62%,-0.00075,0.00002,-0.00291,0.00530,11/10/21
272.75,292.67,106.88%,0.99138,0.00011,-0.02903,0.04401,09/16/21,175.00,0.04,0.04,75.38%,-0.00086,0.00002,-0.00326,0.00603,11/12/21
242.18,287.67,104.04%,0.99114,0.00011,-0.02896,0.04513,06/17/21,180.00,0.03,0.03,71.50%,-0.00070,0.00002,-0.00254,0.00495,11/12/21
261.71,282.67,101.18%,0.99095,0.00012,-0.02869,0.04605,09/16/21,185.00,0.05,0.05,72.04%,-0.00101,0.00002,-0.00359,0.00695,11/09/21
256.68,277.66,98.50%,0.99070,0.00012,-0.02862,0.04722,09/16/21,190.00,0.05,0.05,70.73%,-0.00113,0.00003,-0.00392,0.00773,11/12/21
257.59,272.67,95.90%,0.99045,0.00013,-0.02854,0.04841,08/30/21,195.00,0.08,0.06,69.39%,-0.00126,0.00003,-0.00425,0.00853,11/10/21
254.20,267.67,93.36%,0.99019,0.00014,-0.02846,0.04963,10/22/21,200.00,0.06,0.06,68.03%,-0.00140,0.00003,-0.00457,0.00935,11/12/21
261.54,262.67,90.98%,0.98987,0.00014,-0.02857,0.05113,11/09/21,205.00,0.07,0.07,67.13%,-0.00163,0.00004,-0.00519,0.01078,11/12/21
245.88,257.67,88.55%,0.98959,0.00015,-0.02848,0.05241,10/27/21,210.00,0.07,0.07,65.27%,-0.00168,0.00004,-0.00518,0.01106,11/12/21
220.01,252.68,86.28%,0.98925,0.00016,-0.02858,0.05398,10/05/21,215.00,0.08,0.08,64.29%,-0.00193,0.00005,-0.00579,0.01254,11/12/21
239.27,247.68,83.97%,0.98895,0.00017,-0.02849,0.05533,11/01/21,220.00,0.10,0.09,62.87%,-0.00208,0.00005,-0.00608,0.01346,11/12/21
214.25,242.68,81.80%,0.98859,0.00018,-0.02858,0.05699,10/07/21,225.00,0.09,0.10,61.80%,-0.00235,0.00006,-0.00666,0.01500,11/05/21
216.73,237.68,79.58%,0.98827,0.00019,-0.02847,0.05841,09/16/21,230.00,0.12,0.11,60.68%,-0.00262,0.00007,-0.00722,0.01657,11/12/21
218.12,232.69,77.58%,0.98782,0.00020,-0.02874,0.06045,10/22/21,235.00,0.11,0.11,59.25%,-0.00280,0.00007,-0.00749,0.01759,11/12/21
218.75,227.70,75.53%,0.98742,0.00021,-0.02882,0.06226,10/29/21,240.00,0.12,0.12,58.08%,-0.00309,0.00008,-0.00803,0.01924,11/12/21
221.82,222.70,73.52%,0.98700,0.00022,-0.02889,0.06412,11/05/21,245.00,0.16,0.14,57.13%,-0.00350,0.00009,-0.00883,0.02151,11/11/21
217.17,217.70,71.55%,0.98657,0.00024,-0.02895,0.06605,11/09/21,250.00,0.15,0.15,56.12%,-0.00392,0.00010,-0.00961,0.02382,11/12/21
208.00,212.71,69.61%,0.98611,0.00025,-0.02900,0.06804,11/10/21,255.00,0.15,0.17,55.07%,-0.00436,0.00011,-0.01036,0.02617,11/12/21
202.00,207.72,67.77%,0.98557,0.00026,-0.02923,0.07040,11/02/21,260.00,0.18,0.18,53.98%,-0.00481,0.00013,-0.01109,0.02859,11/12/21
198.65,202.73,65.96%,0.98451,0.00516,-0.03033,0.07559,11/03/21,265.00,0.19,0.19,52.69%,-0.00517,0.00014,-0.01156,0.03050,11/12/21
194.68,197.74,64.17%,0.98363,0.00031,-0.03076,0.07900,11/10/21,270.00,0.21,0.21,51.71%,-0.00577,0.00016,-0.01250,0.03361,11/12/21
193.55,192.76,62.53%,0.98284,0.00033,-0.03130,0.08236,11/08/21,275.00,0.23,0.23,50.68%,-0.00639,0.00017,-0.01341,0.03678,11/12/21
178.15,187.77,60.78%,0.98217,0.00036,-0.03148,0.08518,10/26/21,280.00,0.25,0.25,49.62%,-0.00703,0.00019,-0.01430,0.04004,11/12/21
182.40,182.78,59.06%,0.98148,0.00038,-0.03164,0.08811,11/09/21,285.00,0.27,0.27,48.53%,-0.00770,0.00021,-0.01515,0.04338,11/12/21
166.73,177.80,57.41%,0.98067,0.00040,-0.03196,0.09148,10/27/21,290.00,0.29,0.29,47.42%,-0.00840,0.00024,-0.01598,0.04682,11/12/21
171.50,172.82,55.84%,0.97974,0.00043,-0.03244,0.09533,11/09/21,295.00,0.31,0.33,46.57%,-0.00947,0.00027,-0.01744,0.05201,11/12/21
169.19,167.84,54.27%,0.97876,0.00046,-0.03289,0.09932,11/08/21,300.00,0.34,0.34,45.31%,-0.01013,0.00029,-0.01799,0.05513,11/12/21
139.46,166.83,53.92%,0.97863,0.00047,-0.03285,0.09986,10/07/21,301.00,0.37,0.36,45.27%,-0.01053,0.00030,-0.01861,0.05707,11/12/21
129.35,165.84,53.62%,0.97841,0.00048,-0.03297,0.10075,07/20/21,302.00,0.42,0.37,45.14%,-0.01083,0.00031,-0.01901,0.05846,11/11/21
154.53,164.85,53.32%,0.97819,0.00048,-0.03309,0.10165,10/28/21,303.00,0.45,0.37,44.92%,-0.01102,0.00032,-0.01920,0.05933,11/09/21
0.00,163.85,52.97%,0.97805,0.00049,-0.03304,0.10221,N/A,304.00,0.44,0.38,44.70%,-0.01120,0.00032,-0.01938,0.06020,11/10/21
159.45,162.85,52.67%,0.97783,0.00050,-0.03316,0.10312,11/12/21,305.00,0.38,0.38,44.47%,-0.01139,0.00033,-0.01957,0.06108,11/12/21
0.00,161.86,52.37%,0.97760,0.00050,-0.03328,0.10404,N/A,306.00,0.53,0.39,44.33%,-0.01169,0.00034,-0.01996,0.06249,11/10/21
150.82,160.86,52.03%,0.97746,0.00051,-0.03323,0.10461,10/28/21,307.00,0.39,0.39,44.02%,-0.01177,0.00034,-0.01994,0.06285,11/12/21
139.45,159.87,51.78%,0.97714,0.00052,-0.03351,0.10589,09/15/21,308.00,0.40,0.40,43.87%,-0.01208,0.00035,-0.02032,0.06428,11/12/21
157.50,158.87,51.43%,0.97699,0.00052,-0.03346,0.10648,11/04/21,309.00,0.40,0.40,43.57%,-0.01216,0.00035,-0.02030,0.06465,11/12/21
156.87,157.88,51.18%,0.97666,0.00053,-0.03374,0.10778,11/09/21,310.00,0.41,0.41,43.42%,-0.01247,0.00036,-0.02068,0.06609,11/12/21
0.00,156.87,50.83%,0.97651,0.00054,-0.03369,0.10838,N/A,311.00,0.52,0.43,43.34%,-0.01290,0.00038,-0.02126,0.06806,11/09/21
134.25,155.89,50.58%,0.97618,0.00055,-0.03396,0.10970,10/18/21,312.00,0.41,0.43,43.03%,-0.01299,0.00038,-0.02123,0.06845,11/12/21
0.00,154.88,50.24%,0.97603,0.00056,-0.03391,0.11031,N/A,313.00,0.50,0.44,42.87%,-0.01331,0.00039,-0.02160,0.06990,11/10/21
0.00,153.90,49.99%,0.97556,0.00616,-0.03418,0.11211,N/A,314.00,0.50,0.45,42.71%,-0.01363,0.00040,-0.02197,0.07136,11/11/21
150.16,152.90,49.65%,0.97544,0.00475,-0.03412,0.11242,11/11/21,315.00,0.44,0.44,42.34%,-0.01361,0.00040,-0.02175,0.07125,11/12/21
149.87,151.94,49.70%,0.97426,0.00060,-0.03578,0.11742,11/04/21,316.00,0.50,0.45,42.24%,-0.01405,0.00041,-0.02231,0.07325,11/12/21
151.63,150.94,49.35%,0.97409,0.00060,-0.03572,0.11809,11/08/21,317.00,0.59,0.46,42.07%,-0.01438,0.00042,-0.02267,0.07472,11/09/21
146.73,149.98,49.35%,0.97321,0.00062,-0.03691,0.12152,11/11/21,318.00,0.46,0.47,41.90%,-0.01471,0.00043,-0.02302,0.07621,11/12/21
145.73,148.99,49.04%,0.97294,0.00063,-0.03700,0.12256,11/11/21,319.00,0.48,0.48,41.66%,-0.01493,0.00044,-0.02319,0.07718,11/12/21
145.22,147.98,48.62%,0.97294,0.00064,-0.03664,0.12256,11/11/21,320.00,0.46,0.49,41.43%,-0.01515,0.00045,-0.02335,0.07815,11/12/21
136.45,147.00,48.48%,0.97231,0.00065,-0.03734,0.12499,10/28/21,321.00,0.55,0.50,41.25%,-0.01549,0.00046,-0.02370,0.07966,11/11/21
143.30,146.00,48.18%,0.97203,0.00066,-0.03743,0.12605,11/11/21,322.00,0.56,0.51,41.07%,-0.01583,0.00047,-0.02404,0.08117,11/11/21
146.86,145.01,47.88%,0.97175,0.00067,-0.03752,0.12712,11/08/21,323.00,0.51,0.51,40.83%,-0.01606,0.00048,-0.02420,0.08217,11/12/21
145.25,144.01,47.50%,0.97165,0.00068,-0.03731,0.12751,11/08/21,324.00,0.56,0.52,40.59%,-0.01629,0.00049,-0.02435,0.08318,11/12/21
142.00,143.01,47.20%,0.97137,0.00069,-0.03740,0.12859,11/10/21,325.00,0.53,0.53,40.47%,-0.01676,0.00050,-0.02488,0.08522,11/12/21
143.73,142.03,47.02%,0.97081,0.00070,-0.03793,0.13073,11/08/21,326.00,0.60,0.54,40.22%,-0.01700,0.00051,-0.02503,0.08625,11/11/21
132.90,141.04,46.76%,0.97042,0.00071,-0.03817,0.13218,11/01/21,327.00,0.54,0.54,39.98%,-0.01724,0.00052,-0.02518,0.08729,11/12/21
134.38,140.05,46.50%,0.96960,0.00073,-0.03877,0.13549,11/02/21,328.00,0.56,0.56,39.90%,-0.01783,0.00054,-0.02587,0.08986,11/12/21
133.40,139.06,46.20%,0.96930,0.00074,-0.03885,0.13663,11/02/21,329.00,0.56,0.56,39.60%,-0.01796,0.00055,-0.02584,0.09041,11/12/21
136.93,138.05,45.79%,0.96927,0.00075,-0.03849,0.13674,11/12/21,330.00,0.64,0.57,39.41%,-0.01833,0.00056,-0.02616,0.09198,11/11/21
131.07,137.07,45.63%,0.96859,0.00077,-0.03915,0.13928,11/03/21,331.00,0.62,0.58,39.27%,-0.01882,0.00057,-0.02666,0.09407,11/12/21
120.18,136.08,45.37%,0.96819,0.00078,-0.03937,0.14080,10/20/21,332.00,0.58,0.60,39.07%,-0.01919,0.00058,-0.02698,0.09565,11/12/21
133.57,135.07,44.93%,0.96824,0.00079,-0.03886,0.14059,11/10/21,333.00,0.60,0.60,38.83%,-0.01945,0.00060,-0.02712,0.09675,11/12/21
132.57,134.09,44.73%,0.96764,0.00080,-0.03937,0.14282,11/04/21,334.00,0.59,0.61,38.63%,-0.01983,0.00061,-0.02743,0.09836,11/12/21
134.08,133.09,44.40%,0.96742,0.00081,-0.03930,0.14368,11/08/21,335.00,0.59,0.62,38.43%,-0.02022,0.00062,-0.02774,0.09997,11/12/21
100.10,132.11,44.21%,0.96681,0.00083,-0.03980,0.14594,10/12/21,336.00,0.62,0.63,38.28%,-0.02073,0.00064,-0.02822,0.10210,11/12/21
121.25,131.11,43.91%,0.96647,0.00084,-0.03987,0.14716,10/28/21,337.00,0.74,0.64,38.07%,-0.02112,0.00065,-0.02852,0.10374,11/10/21
119.69,130.12,43.64%,0.96604,0.00086,-0.04008,0.14875,10/27/21,338.00,0.76,0.66,37.87%,-0.02152,0.00066,-0.02882,0.10538,11/10/21
119.31,129.13,43.38%,0.96561,0.00087,-0.04028,0.15035,10/28/21,339.00,0.89,0.67,37.66%,-0.02192,0.00068,-0.02912,0.10704,11/10/21
125.00,128.13,43.01%,0.96545,0.00088,-0.04006,0.15091,11/12/21,340.00,0.68,0.68,37.50%,-0.02244,0.00070,-0.02958,0.10920,11/12/21
125.65,127.15,42.84%,0.96472,0.00090,-0.04069,0.15358,11/04/21,341.00,0.69,0.69,37.29%,-0.02285,0.00071,-0.02987,0.11088,11/12/21
122.60,126.19,42.74%,0.96379,0.00092,-0.04158,0.15695,11/11/21,342.00,0.68,0.70,37.03%,-0.02315,0.00072,-0.02999,0.11208,11/12/21
106.85,125.20,42.47%,0.96279,0.00095,-0.04218,0.16081,08/24/21,343.00,0.82,0.71,36.87%,-0.02368,0.00074,-0.03044,0.11427,11/10/21
123.94,124.21,42.20%,0.96232,0.00096,-0.04237,0.16249,11/09/21,344.00,0.83,0.73,36.69%,-0.02423,0.00076,-0.03088,0.11647,11/10/21
119.30,123.21,41.87%,0.96205,0.00098,-0.04228,0.16348,11/11/21,345.00,0.75,0.74,36.48%,-0.02466,0.00077,-0.03116,0.11819,11/12/21
118.95,122.23,41.66%,0.96138,0.00100,-0.04274,0.16588,11/11/21,346.00,0.86,0.75,36.26%,-0.02509,0.00079,-0.03143,0.11993,11/10/21
88.00,121.24,41.39%,0.96090,0.00101,-0.04292,0.16759,09/30/21,347.00,0.87,0.76,36.05%,-0.02553,0.00081,-0.03170,0.12168,11/11/21
111.65,120.25,41.12%,0.96041,0.00103,-0.04309,0.16933,11/01/21,348.00,0.78,0.78,35.95%,-0.02633,0.00083,-0.03245,0.12489,11/12/21
116.19,119.26,40.84%,0.95991,0.00105,-0.04327,0.17107,11/11/21,349.00,0.85,0.79,35.69%,-0.02666,0.00084,-0.03256,0.12618,11/12/21
117.84,118.26,40.51%,0.95961,0.00106,-0.04317,0.17215,11/09/21,350.00,0.81,0.80,35.46%,-0.02711,0.00086,-0.03282,0.12797,11/12/21
94.42,117.28,40.30%,0.95891,0.00108,-0.04361,0.17461,09/23/21,351.00,1.06,0.82,35.32%,-0.02782,0.00088,-0.03339,0.13073,11/10/21
94.85,116.29,40.03%,0.95840,0.00110,-0.04377,0.17640,09/16/21,352.00,0.83,0.83,35.13%,-0.02840,0.00090,-0.03380,0.13302,11/12/21
96.38,115.30,39.75%,0.95788,0.00112,-0.04394,0.17821,09/16/21,353.00,0.84,0.84,34.90%,-0.02888,0.00092,-0.03405,0.13486,11/12/21
117.17,114.30,39.43%,0.95755,0.00114,-0.04384,0.17935,11/05/21,354.00,0.94,0.86,34.71%,-0.02947,0.00094,-0.03445,0.13718,11/12/21
109.84,113.31,39.15%,0.95702,0.00116,-0.04399,0.18119,11/10/21,355.00,0.88,0.88,34.59%,-0.03032,0.00097,-0.03515,0.14044,11/12/21
115.26,112.33,38.96%,0.95618,0.00118,-0.04454,0.18409,11/05/21,356.00,0.88,0.88,34.29%,-0.03057,0.00098,-0.03508,0.14139,11/12/21
112.91,111.35,38.71%,0.95554,0.00120,-0.04482,0.18631,11/08/21,357.00,0.97,0.91,34.16%,-0.03143,0.00101,-0.03577,0.14468,11/12/21
73.84,110.35,38.44%,0.95493,0.00306,-0.04502,0.18844,06/25/21,358.00,1.06,0.92,33.96%,-0.03206,0.00103,-0.03615,0.14706,11/10/21
108.46,109.37,38.19%,0.95414,0.00125,-0.04534,0.19123,11/04/21,359.00,1.08,0.94,33.76%,-0.03269,0.00106,-0.03652,0.14945,11/10/21
108.03,108.37,37.86%,0.95382,0.00320,-0.04521,0.19229,11/12/21,360.00,0.97,0.95,33.59%,-0.03345,0.00108,-0.03704,0.15231,11/12/21
108.40,107.40,37.66%,0.95289,0.00130,-0.04575,0.19546,11/05/21,361.00,1.11,0.97,33.39%,-0.03410,0.00111,-0.03740,0.15473,11/11/21
109.05,106.41,37.41%,0.95210,0.00359,-0.04610,0.19844,11/05/21,362.00,1.00,0.99,33.18%,-0.03476,0.00113,-0.03776,0.15717,11/12/21
96.79,105.42,37.13%,0.95145,0.00135,-0.04623,0.20044,11/01/21,363.00,1.01,1.01,33.04%,-0.03566,0.00116,-0.03841,0.16053,11/12/21
106.32,104.44,36.88%,0.95074,0.00137,-0.04648,0.20280,11/05/21,364.00,1.01,1.03,32.83%,-0.03634,0.00119,-0.03875,0.16300,11/12/21
102.50,103.44,36.58%,0.95023,0.00140,-0.04648,0.20450,11/12/21,365.00,1.04,1.04,32.61%,-0.03702,0.00121,-0.03910,0.16549,11/12/21
104.37,102.47,36.37%,0.94930,0.00142,-0.04697,0.20758,11/05/21,366.00,1.23,1.06,32.46%,-0.03795,0.00124,-0.03972,0.16889,11/11/21
103.05,101.48,36.12%,0.94857,0.00145,-0.04721,0.21000,11/08/21,367.00,1.25,1.08,32.27%,-0.03877,0.00127,-0.04019,0.17186,11/11/21
92.28,100.50,35.86%,0.94766,0.00394,-0.04755,0.21333,11/01/21,368.00,1.11,1.11,32.11%,-0.03972,0.00130,-0.04079,0.17529,11/12/21
78.46,99.51,35.60%,0.94685,0.00151,-0.04778,0.21580,09/14/21,369.00,1.30,1.13,31.89%,-0.04044,0.00133,-0.04111,0.17785,11/11/21
97.66,98.52,35.34%,0.94609,0.00154,-0.04801,0.21829,11/12/21,370.00,1.17,1.15,31.73%,-0.04141,0.00136,-0.04170,0.18131,11/12/21
97.22,97.54,35.08%,0.94531,0.00157,-0.04823,0.22081,11/09/21,371.00,1.27,1.18,31.56%,-0.04239,0.00140,-0.04227,0.18478,11/12/21
96.24,96.56,34.82%,0.94452,0.00160,-0.04844,0.22335,11/09/21,372.00,1.39,1.20,31.36%,-0.04326,0.00143,-0.04271,0.18783,11/10/21
87.77,95.58,34.58%,0.94362,0.00163,-0.04877,0.22624,11/01/21,373.00,1.24,1.22,31.16%,-0.04414,0.00146,-0.04314,0.19091,11/12/21
73.25,94.59,34.30%,0.94292,0.00166,-0.04886,0.22849,09/27/21,374.00,1.26,1.24,30.98%,-0.04515,0.00150,-0.04369,0.19443,11/12/21
92.95,93.60,34.02%,0.94204,0.00747,-0.04908,0.23157,11/12/21,375.00,1.28,1.27,30.80%,-0.04618,0.00153,-0.04423,0.19797,11/12/21
94.69,92.63,33.82%,0.94065,0.00174,-0.04966,0.23600,11/08/21,376.00,1.30,1.30,30.67%,-0.04746,0.00158,-0.04503,0.20236,11/12/21
79.65,91.65,33.57%,0.93970,0.00177,-0.04997,0.23900,09/02/21,377.00,1.35,1.32,30.43%,-0.04826,0.00161,-0.04529,0.20510,11/12/21
90.07,90.67,33.33%,0.93873,0.00181,-0.05026,0.24203,11/09/21,378.00,1.34,1.34,30.24%,-0.04932,0.00165,-0.04581,0.20869,11/12/21
63.60,89.68,33.06%,0.93786,0.00184,-0.05044,0.24475,10/08/21,379.00,2.00,1.37,30.08%,-0.05052,0.00169,-0.04644,0.21272,11/10/21
88.10,88.72,32.88%,0.93616,0.00189,-0.05123,0.25027,11/12/21,380.00,1.40,1.40,29.91%,-0.05173,0.00173,-0.04707,0.21676,11/12/21
62.59,87.72,32.57%,0.93547,0.00192,-0.05117,0.25240,10/14/21,381.00,1.45,1.43,29.71%,-0.05283,0.00177,-0.04755,0.22042,11/12/21
86.44,86.74,32.32%,0.93445,0.00196,-0.05144,0.25555,11/09/21,382.00,1.47,1.46,29.53%,-0.05407,0.00182,-0.04815,0.22450,11/12/21
65.45,85.75,32.03%,0.93362,0.00200,-0.05148,0.25807,10/18/21,383.00,1.50,1.48,29.33%,-0.05520,0.00186,-0.04862,0.22820,11/12/21
79.65,84.79,31.83%,0.93225,0.00204,-0.05207,0.26225,11/02/21,384.00,1.54,1.51,29.17%,-0.05659,0.00190,-0.04932,0.23271,11/12/21
80.67,83.82,31.64%,0.93040,0.00210,-0.05283,0.26809,11/11/21,385.00,1.56,1.55,28.99%,-0.05787,0.00195,-0.04989,0.23685,11/12/21
67.08,82.83,31.34%,0.92953,0.00214,-0.05285,0.27072,10/19/21,386.00,2.20,1.58,28.82%,-0.05929,0.00200,-0.05056,0.24140,11/10/21
71.99,81.85,31.10%,0.92831,0.00218,-0.05319,0.27434,10/26/21,387.00,1.60,1.60,28.59%,-0.06036,0.00204,-0.05088,0.24481,11/12/21
77.69,80.89,30.90%,0.92686,0.00223,-0.05373,0.27863,11/11/21,388.00,1.66,1.65,28.45%,-0.06206,0.00210,-0.05176,0.25017,11/12/21
77.07,79.93,30.69%,0.92540,0.00228,-0.05426,0.28294,11/11/21,389.00,1.70,1.68,28.28%,-0.06353,0.00215,-0.05239,0.25477,11/12/21
78.47,78.95,30.43%,0.92382,0.00234,-0.05463,0.28781,11/12/21,390.00,1.72,1.72,28.11%,-0.06514,0.00221,-0.05313,0.25977,11/12/21
77.56,77.97,30.19%,0.92253,0.00239,-0.05493,0.29156,11/10/21,391.00,1.75,1.75,27.91%,-0.06652,0.00226,-0.05362,0.26405,11/12/21
74.24,77.01,29.97%,0.92100,0.00244,-0.05542,0.29597,11/11/21,392.00,1.79,1.79,27.74%,-0.06817,0.00232,-0.05433,0.26909,11/12/21
75.62,76.03,29.71%,0.91977,0.00249,-0.05560,0.29948,11/10/21,393.00,1.84,1.84,27.61%,-0.07008,0.00238,-0.05523,0.27487,11/12/21
77.20,75.06,29.47%,0.91831,0.00254,-0.05597,0.30364,11/05/21,394.00,1.93,1.87,27.39%,-0.07153,0.00243,-0.05569,0.27922,11/12/21
73.30,74.08,29.22%,0.91693,0.00260,-0.05623,0.30753,11/12/21,395.00,1.89,1.91,27.22%,-0.07324,0.00249,-0.05635,0.28431,11/12/21
59.19,73.12,29.01%,0.91521,0.00266,-0.05678,0.31237,10/22/21,396.00,2.04,1.95,27.03%,-0.07497,0.00256,-0.05699,0.28943,11/12/21
53.74,72.14,28.74%,0.91390,0.00271,-0.05692,0.31603,10/18/21,397.00,2.04,1.99,26.85%,-0.07672,0.00262,-0.05762,0.29457,11/12/21
70.87,71.19,28.55%,0.91201,0.00278,-0.05754,0.32124,11/10/21,398.00,2.03,2.03,26.66%,-0.07850,0.00269,-0.05823,0.29974,11/12/21
68.13,70.22,28.30%,0.91043,0.00284,-0.05785,0.32557,11/10/21,399.00,2.07,2.07,26.46%,-0.08030,0.00275,-0.05883,0.30494,11/12/21
69.05,69.05,27.45%,0.91316,0.00286,-0.05441,0.31809,11/12/21,400.00,2.12,2.12,26.30%,-0.08237,0.00282,-0.05961,0.31083,11/12/21
62.76,68.29,27.85%,0.90686,0.00297,-0.05872,0.33525,11/03/21,401.00,2.20,2.17,26.13%,-0.08446,0.00289,-0.06037,0.31674,11/12/21
69.80,67.33,27.63%,0.90498,0.00304,-0.05919,0.34028,11/05/21,402.00,2.23,2.23,25.99%,-0.08681,0.00297,-0.06131,0.32332,11/12/21
50.56,66.37,27.39%,0.90318,0.00311,-0.05954,0.34506,10/19/21,403.00,2.30,2.28,25.80%,-0.08884,0.00304,-0.06193,0.32893,11/12/21
56.47,65.41,27.17%,0.90124,0.00318,-0.05997,0.35016,10/29/21,404.00,2.39,2.33,25.62%,-0.09101,0.00312,-0.06263,0.33490,11/12/21
63.56,64.44,26.94%,0.89927,0.00325,-0.06039,0.35530,11/12/21,405.00,2.44,2.38,25.45%,-0.09333,0.00320,-0.06340,0.34119,11/12/21
66.04,63.49,26.72%,0.89716,0.00333,-0.06088,0.36076,11/05/21,406.00,2.45,2.44,25.28%,-0.09569,0.00328,-0.06415,0.34750,11/12/21
59.79,62.53,26.49%,0.89513,0.00340,-0.06127,0.36597,11/11/21,407.00,2.49,2.49,25.10%,-0.09807,0.00337,-0.06488,0.35384,11/12/21
63.70,61.57,26.25%,0.89305,0.00348,-0.06163,0.37123,11/05/21,408.00,2.58,2.55,24.93%,-0.10060,0.00345,-0.06567,0.36048,11/12/21
59.61,60.62,26.04%,0.89073,0.00357,-0.06216,0.37707,11/04/21,409.00,2.69,2.61,24.76%,-0.10316,0.00354,-0.06645,0.36715,11/12/21
58.74,59.67,25.83%,0.88830,0.00520,-0.06268,0.38334,11/12/21,410.00,2.71,2.67,24.57%,-0.10565,0.00363,-0.06710,0.37354,11/12/21
58.92,58.72,25.62%,0.88576,0.00374,-0.06325,0.38951,11/09/21,411.00,2.75,2.73,24.39%,-0.10829,0.00372,-0.06783,0.38024,11/12/21
56.70,57.77,25.40%,0.88332,0.00383,-0.06371,0.39545,11/04/21,412.00,2.84,2.80,24.24%,-0.11130,0.00382,-0.06878,0.38780,11/12/21
58.37,56.83,25.19%,0.88073,0.00392,-0.06423,0.40168,11/05/21,413.00,3.97,2.86,24.05%,-0.11402,0.00392,-0.06945,0.39453,11/10/21
54.79,55.89,24.97%,0.87810,0.00402,-0.06473,0.40795,11/04/21,414.00,2.96,2.93,23.88%,-0.11700,0.00402,-0.07026,0.40183,11/12/21
54.65,54.96,24.80%,0.87500,0.00412,-0.06553,0.41523,11/12/21,415.00,3.03,3.00,23.69%,-0.11991,0.00412,-0.07096,0.40887,11/12/21
51.07,54.00,24.55%,0.87249,0.00422,-0.06582,0.42107,11/11/21,416.00,3.16,3.07,23.53%,-0.12309,0.00423,-0.07179,0.41645,11/12/21
51.12,53.07,24.34%,0.86962,0.00432,-0.06632,0.42767,11/10/21,417.00,3.16,3.14,23.34%,-0.12621,0.00434,-0.07251,0.42379,11/12/21
51.00,52.14,24.14%,0.86558,0.00968,-0.06711,0.43714,11/12/21,418.00,3.22,3.22,23.18%,-0.12959,0.00445,-0.07336,0.43163,11/12/21
49.28,51.20,23.93%,0.86230,0.00456,-0.06769,0.44502,11/10/21,419.00,3.26,3.29,22.98%,-0.13280,0.00456,-0.07402,0.43899,11/12/21
49.89,50.27,23.72%,0.85896,0.00911,-0.06826,0.45217,11/12/21,420.00,3.40,3.37,22.81%,-0.13628,0.00468,-0.07480,0.44685,11/12/21
47.17,49.34,23.51%,0.85547,0.00479,-0.06885,0.46026,11/11/21,421.00,3.51,3.45,22.63%,-0.13981,0.00480,-0.07555,0.45471,11/12/21
45.84,48.42,23.32%,0.85192,0.00491,-0.06950,0.46790,11/11/21,422.00,3.58,3.53,22.44%,-0.14340,0.00492,-0.07626,0.46259,11/12/21
47.00,47.51,23.13%,0.84820,0.00503,-0.07019,0.47576,11/10/21,423.00,3.68,3.62,22.27%,-0.14726,0.00505,-0.07708,0.47091,11/12/21
46.09,46.58,22.92%,0.84437,0.00516,-0.07073,0.48400,11/10/21,424.00,3.77,3.71,22.10%,-0.15118,0.00518,-0.07786,0.47924,11/12/21
44.92,45.67,22.73%,0.84043,0.00529,-0.07141,0.49208,11/12/21,425.00,3.79,3.79,21.89%,-0.15495,0.00531,-0.07846,0.48713,11/12/21
42.94,44.75,22.52%,0.83662,0.00542,-0.07192,0.49976,11/10/21,426.00,3.97,3.89,21.73%,-0.15920,0.00545,-0.07930,0.49586,11/12/21
43.03,43.84,22.33%,0.83245,0.00555,-0.07258,0.50804,11/12/21,427.00,4.03,3.99,21.55%,-0.16341,0.00559,-0.08003,0.50438,11/12/21
42.36,42.94,22.14%,0.82821,0.00569,-0.07321,0.51631,11/12/21,428.00,4.14,4.08,21.37%,-0.16780,0.00573,-0.08078,0.51308,11/12/21
41.19,42.04,21.94%,0.82390,0.00584,-0.07380,0.52458,11/12/21,429.00,4.20,4.20,21.21%,-0.17255,0.00588,-0.08169,0.52233,11/12/21
41.40,41.14,21.74%,0.81941,0.00598,-0.07440,0.53301,11/12/21,430.00,4.32,4.29,21.00%,-0.17689,0.00603,-0.08222,0.53063,11/12/21
37.45,40.24,21.55%,0.81453,0.00613,-0.07504,0.54226,11/12/21,431.00,4.53,4.40,20.83%,-0.18169,0.00619,-0.08296,0.53964,11/12/21
37.03,39.34,21.36%,0.80979,0.00629,-0.07561,0.55084,11/11/21,432.00,4.66,4.51,20.64%,-0.18658,0.00635,-0.08365,0.54863,11/12/21
37.89,38.45,21.16%,0.80487,0.00644,-0.07619,0.55956,11/12/21,433.00,4.63,4.63,20.47%,-0.19175,0.00651,-0.08441,0.55791,11/12/21
37.10,37.57,20.97%,0.79978,0.00660,-0.07678,0.56841,11/12/21,434.00,4.85,4.74,20.29%,-0.19690,0.00668,-0.08505,0.56700,11/12/21
36.67,36.67,20.75%,0.79485,0.00677,-0.07715,0.57678,11/12/21,435.00,4.92,4.86,20.09%,-0.20216,0.00685,-0.08565,0.57604,11/12/21
35.20,35.81,20.59%,0.78904,0.00715,-0.07793,0.58651,11/12/21,436.00,5.02,4.99,19.93%,-0.20787,0.00702,-0.08642,0.58565,11/12/21
32.38,34.94,20.39%,0.78347,0.00711,-0.07846,0.59552,11/12/21,437.00,5.20,5.13,19.75%,-0.21359,0.00720,-0.08707,0.59504,11/12/21
33.10,34.06,20.20%,0.77755,0.00729,-0.07901,0.60502,11/12/21,438.00,5.30,5.26,19.56%,-0.21942,0.00738,-0.08765,0.60437,11/12/21
30.63,33.21,20.02%,0.77153,0.00746,-0.07959,0.61430,11/12/21,439.00,5.53,5.40,19.38%,-0.22553,0.00757,-0.08829,0.61389,11/12/21
31.70,32.34,19.82%,0.76527,0.00765,-0.08005,0.62387,11/12/21,440.00,5.58,5.54,19.19%,-0.23175,0.00776,-0.08885,0.62334,11/12/21
31.18,31.48,19.61%,0.75891,0.00784,-0.08045,0.63338,11/12/21,441.00,5.75,5.68,19.00%,-0.23809,0.00796,-0.08935,0.63270,11/12/21
28.48,30.62,19.42%,0.75245,0.00803,-0.08087,0.64252,11/11/21,442.00,6.03,5.83,18.81%,-0.24473,0.00815,-0.08989,0.64220,11/12/21
27.57,29.78,19.23%,0.74571,0.00823,-0.08133,0.65178,11/11/21,443.00,6.23,5.99,18.63%,-0.25165,0.00836,-0.09045,0.65180,11/12/21
28.29,28.93,19.02%,0.73869,0.00843,-0.08166,0.66133,11/12/21,444.00,6.20,6.15,18.45%,-0.25870,0.00856,-0.09093,0.66128,11/12/21
27.31,28.09,18.84%,0.73154,0.00863,-0.08206,0.67054,11/12/21,445.00,6.42,6.30,18.25%,-0.26590,0.00878,-0.09134,0.67062,11/12/21
26.60,27.25,18.64%,0.72423,0.00884,-0.08238,0.67960,11/12/21,446.00,6.48,6.48,18.07%,-0.27347,0.00899,-0.09180,0.68009,11/12/21
24.12,26.43,18.45%,0.71664,0.00905,-0.08271,0.68868,11/11/21,447.00,6.68,6.66,17.88%,-0.28119,0.00921,-0.09218,0.68939,11/12/21
24.96,25.61,18.25%,0.70867,0.01151,-0.08299,0.69811,11/12/21,448.00,6.88,6.84,17.69%,-0.28914,0.00943,-0.09252,0.69860,11/12/21
24.25,24.79,18.05%,0.70064,0.00948,-0.08319,0.70690,11/12/21,449.00,7.01,7.01,17.48%,-0.29720,0.00967,-0.09272,0.70754,11/12/21
23.63,23.98,17.85%,0.69236,0.00971,-0.08338,0.71563,11/12/21,450.00,7.20,7.20,17.29%,-0.30564,0.00990,-0.09296,0.71649,11/12/21
21.37,23.18,17.66%,0.68377,0.00993,-0.08356,0.72425,11/12/21,451.00,7.69,7.42,17.12%,-0.31463,0.01012,-0.09337,0.72556,11/12/21
22.21,22.21,17.23%,0.67686,0.01027,-0.08219,0.73089,11/12/21,452.00,7.78,7.62,16.93%,-0.32362,0.01036,-0.09354,0.73418,11/12/21
20.45,21.60,17.27%,0.66583,0.01038,-0.08373,0.74094,11/12/21,453.00,7.89,7.84,16.74%,-0.33298,0.01059,-0.09372,0.74265,11/12/21
20.11,20.81,17.07%,0.65645,0.01062,-0.08376,0.74894,11/12/21,454.00,8.18,8.06,16.55%,-0.34256,0.01084,-0.09379,0.75081,11/12/21
19.60,20.04,16.87%,0.64643,0.01085,-0.08368,0.75741,11/12/21,455.00,8.29,8.29,16.35%,-0.35241,0.01108,-0.09379,0.75867,11/12/21
18.92,19.28,16.67%,0.63647,0.01108,-0.08359,0.76482,11/12/21,456.00,8.76,8.54,16.17%,-0.36267,0.01132,-0.09382,0.76629,11/12/21
18.50,18.50,16.45%,0.62634,0.01133,-0.08331,0.77180,11/12/21,457.00,8.97,8.79,15.98%,-0.37321,0.01156,-0.09377,0.77351,11/12/21
17.18,17.77,16.27%,0.61560,0.01430,-0.08320,0.77856,11/12/21,458.00,9.25,9.04,15.78%,-0.38404,0.01181,-0.09362,0.78031,11/12/21
16.62,16.99,16.02%,0.60476,0.01182,-0.08259,0.78517,11/12/21,459.00,9.29,9.29,15.57%,-0.39512,0.01207,-0.09329,0.78661,11/12/21
16.10,16.29,15.86%,0.59335,0.01203,-0.08247,0.79106,11/12/21,460.00,9.57,9.57,15.38%,-0.40667,0.01231,-0.09305,0.79249,11/12/21
15.31,15.59,15.69%,0.58170,0.01225,-0.08220,0.79637,11/12/21,461.00,9.93,9.88,15.21%,-0.41862,0.01253,-0.09285,0.79782,11/12/21
14.40,14.88,15.49%,0.56980,0.01247,-0.08174,0.80106,11/12/21,462.00,10.18,10.18,15.03%,-0.43084,0.01276,-0.09249,0.80251,11/12/21
13.90,14.19,15.30%,0.55748,0.01347,-0.08118,0.80525,11/12/21,463.00,10.49,10.49,14.84%,-0.44339,0.01298,-0.09200,0.80651,11/12/21
13.31,13.51,15.11%,0.54488,0.01290,-0.08058,0.80860,11/12/21,464.00,10.99,10.83,14.67%,-0.45632,0.01319,-0.09156,0.80977,11/12/21
12.84,12.84,14.92%,0.53181,0.01310,-0.07990,0.81142,11/12/21,465.00,11.15,11.15,14.46%,-0.46955,0.01342,-0.09080,0.81221,11/12/21
12.20,12.20,14.75%,0.51857,0.01328,-0.07923,0.81318,11/12/21,466.00,11.63,11.53,14.30%,-0.48313,0.01359,-0.09025,0.81379,11/12/21
11.35,11.54,14.54%,0.50499,0.01348,-0.07828,0.81405,11/12/21,467.00,12.09,11.89,14.12%,-0.49704,0.01377,-0.08948,0.81441,11/12/21
10.93,10.93,14.37%,0.49112,0.01364,-0.07742,0.81396,11/12/21,468.00,12.23,12.28,13.94%,-0.51128,0.01395,-0.08858,0.81402,11/12/21
10.06,10.32,14.18%,0.47684,0.01486,-0.07635,0.81286,11/12/21,469.00,12.85,12.68,13.76%,-0.52583,0.01410,-0.08762,0.81255,11/12/21
9.75,9.72,13.99%,0.46226,0.01394,-0.07522,0.81075,11/12/21,470.00,13.08,13.08,13.57%,-0.54075,0.01425,-0.08649,0.80990,11/12/21
9.18,9.15,13.82%,0.44749,0.01406,-0.07403,0.80737,11/12/21,471.00,13.68,13.52,13.41%,-0.55584,0.01436,-0.08539,0.80606,11/12/21
8.59,8.59,13.64%,0.43248,0.01415,-0.07277,0.80278,11/12/21,472.00,14.14,13.97,13.24%,-0.57123,0.01445,-0.08414,0.80091,11/12/21
8.08,8.05,13.47%,0.41718,0.01422,-0.07140,0.79694,11/12/21,473.00,14.56,14.45,13.08%,-0.58679,0.01451,-0.08285,0.79446,11/12/21
7.57,7.53,13.31%,0.40174,0.01427,-0.06995,0.78976,11/12/21,474.00,15.65,14.90,12.87%,-0.60306,0.01460,-0.08114,0.78634,11/12/21
7.06,7.03,13.14%,0.38614,0.01429,-0.06842,0.78123,11/12/21,475.00,15.89,15.40,12.70%,-0.61912,0.01461,-0.07960,0.77695,11/12/21
6.47,6.55,12.99%,0.37041,0.01427,-0.06681,0.77131,11/12/21,476.00,15.88,15.88,12.48%,-0.63603,0.01465,-0.07761,0.76555,11/12/21
5.71,6.09,12.83%,0.35450,0.01542,-0.06509,0.76009,11/12/21,477.00,16.98,16.49,12.40%,-0.65134,0.01452,-0.07637,0.75389,11/12/21
5.48,5.66,12.70%,0.33882,0.01414,-0.06340,0.74751,11/12/21,478.00,19.00,17.06,12.25%,-0.66756,0.01443,-0.07461,0.74011,11/12/21
5.10,5.24,12.55%,0.32296,0.01403,-0.06154,0.73341,11/12/21,479.00,18.11,17.66,12.12%,-0.68356,0.01429,-0.07285,0.72506,11/12/21
4.86,4.86,12.43%,0.30762,0.01386,-0.05979,0.71837,11/12/21,480.00,18.54,18.27,11.98%,-0.69970,0.01412,-0.07092,0.70839,11/12/21
4.38,4.48,12.30%,0.29197,0.01369,-0.05781,0.70161,11/12/21,481.00,20.05,18.90,11.85%,-0.71560,0.01392,-0.06897,0.69044,11/10/21
4.09,4.13,12.18%,0.27665,0.01347,-0.05584,0.68391,11/12/21,482.00,20.40,19.56,11.73%,-0.73120,0.01367,-0.06701,0.67136,11/12/21
3.70,3.80,12.06%,0.26163,0.01322,-0.05384,0.66505,11/12/21,483.00,20.91,20.24,11.61%,-0.74669,0.01339,-0.06495,0.65090,11/12/21
3.44,3.50,11.96%,0.24704,0.01294,-0.05186,0.64537,11/12/21,484.00,23.97,20.93,11.49%,-0.76190,0.01308,-0.06284,0.62931,11/11/21
3.21,3.21,11.86%,0.23283,0.01263,-0.04987,0.62486,11/12/21,485.00,21.70,21.70,11.46%,-0.77484,0.01270,-0.06132,0.60973,11/12/21
2.94,2.94,11.77%,0.21884,0.01229,-0.04781,0.60341,11/12/21,486.00,25.73,22.40,11.29%,-0.79064,0.01236,-0.05874,0.58426,11/10/21
2.69,2.69,11.68%,0.20536,0.01193,-0.04577,0.58140,11/12/21,487.00,32.38,23.16,11.20%,-0.80436,0.01196,-0.05667,0.56070,10/26/21
2.29,2.47,11.61%,0.19259,0.01154,-0.04381,0.55940,11/12/21,488.00,24.28,23.94,11.12%,-0.81729,0.01153,-0.05470,0.53722,11/12/21
2.06,2.26,11.54%,0.18029,0.01114,-0.04186,0.53700,11/12/21,489.00,24.67,24.74,11.05%,-0.82974,0.01109,-0.05273,0.51336,11/05/21
2.08,2.08,11.52%,0.16933,0.01073,-0.04019,0.51605,11/12/21,490.00,26.15,25.56,10.99%,-0.84144,0.01064,-0.05083,0.48978,11/12/21
1.85,1.89,11.43%,0.15740,0.01031,-0.03808,0.49214,11/12/21,491.00,27.00,26.40,10.94%,-0.85256,0.01018,-0.04898,0.46631,11/12/21
1.71,1.71,11.36%,0.14621,0.00988,-0.03606,0.46863,11/12/21,492.00,30.40,27.25,10.90%,-0.86303,0.00971,-0.04719,0.44319,11/11/21
1.53,1.58,11.36%,0.13709,0.00945,-0.03457,0.44863,11/12/21,493.00,36.15,28.11,10.86%,-0.87279,0.00925,-0.04548,0.42069,11/01/21
1.39,1.44,11.32%,0.12745,0.00902,-0.03279,0.42664,11/12/21,494.00,0.00,28.99,10.84%,-0.88180,0.00879,-0.04387,0.39909,N/A
1.28,1.32,11.31%,0.11878,0.00860,-0.03120,0.40612,11/12/21,495.00,31.43,29.88,10.82%,-0.89028,0.00834,-0.04231,0.37798,11/12/21
1.23,1.21,11.30%,0.11062,0.00818,-0.02965,0.38609,11/12/21,496.00,30.00,30.78,10.81%,-0.89820,0.00790,-0.04082,0.35754,11/05/21
1.01,1.11,11.28%,0.10272,0.00776,-0.02809,0.36600,11/12/21,497.00,0.00,31.69,10.82%,-0.90523,0.00748,-0.03950,0.33880,N/A
0.99,1.01,11.27%,0.09538,0.00736,-0.02660,0.34669,11/12/21,498.00,0.00,32.62,10.83%,-0.91193,0.00706,-0.03818,0.32036,N/A
0.90,0.93,11.28%,0.08892,0.00698,-0.02531,0.32916,11/12/21,499.00,41.57,33.55,10.85%,-0.91798,0.00667,-0.03698,0.30320,10/29/21
0.85,0.85,11.27%,0.08247,0.00660,-0.02393,0.31112,11/12/21,500.00,34.90,34.47,10.85%,-0.92402,0.00628,-0.03571,0.28557,11/12/21
0.79,0.79,11.32%,0.07728,0.00626,-0.02289,0.29620,11/12/21,501.00,39.80,35.43,10.92%,-0.92834,0.00596,-0.03491,0.27261,11/10/21
0.68,0.72,11.31%,0.07147,0.00590,-0.02156,0.27905,11/12/21,502.00,0.00,36.38,10.96%,-0.93297,0.00563,-0.03395,0.25846,N/A
0.56,0.67,11.34%,0.06665,0.00558,-0.02050,0.26445,11/12/21,503.00,0.00,37.34,11.01%,-0.93720,0.00532,-0.03305,0.24518,N/A
0.60,0.62,11.37%,0.06220,0.00527,-0.01950,0.25060,11/12/21,504.00,0.00,38.29,11.05%,-0.94140,0.00501,-0.03211,0.23169,N/A
0.52,0.57,11.39%,0.05776,0.00496,-0.01845,0.23649,11/12/21,505.00,37.75,39.25,11.09%,-0.94522,0.00472,-0.03124,0.21918,11/05/21
0.52,0.52,11.41%,0.05368,0.00468,-0.01746,0.22323,11/12/21,506.00,0.00,40.22,11.16%,-0.94827,0.00447,-0.03059,0.20899,N/A
0.41,0.49,11.47%,0.05034,0.00442,-0.01668,0.21213,11/11/21,507.00,0.00,41.18,11.20%,-0.95165,0.00421,-0.02978,0.19746,N/A
0.35,0.45,11.49%,0.04667,0.00415,-0.01574,0.19965,11/12/21,508.00,0.00,42.15,11.26%,-0.95463,0.00397,-0.02906,0.18710,N/A
0.39,0.39,11.61%,0.04123,0.00372,-0.01442,0.18067,11/12/21,510.00,44.64,44.11,11.39%,-0.95973,0.00354,-0.02783,0.16889,11/12/21
0.31,0.32,11.63%,0.03511,0.00326,-0.01268,0.15848,11/12/21,512.00,0.00,46.07,11.57%,-0.96354,0.00319,-0.02694,0.15488,N/A
0.25,0.29,11.76%,0.03100,0.00291,-0.01158,0.14303,11/11/21,514.00,0.00,48.03,11.69%,-0.96764,0.00285,-0.02584,0.13935,N/A
0.27,0.27,11.84%,0.02937,0.00276,-0.01116,0.13679,11/12/21,515.00,57.43,49.02,11.77%,-0.96925,0.00270,-0.02541,0.13310,11/01/21
0.18,0.18,12.00%,0.02027,0.00199,-0.00831,0.10021,11/12/21,520.00,51.65,53.96,12.20%,-0.97580,0.00209,-0.02362,0.10686,11/08/21
0.12,0.12,12.17%,0.01394,0.00143,-0.00613,0.07273,11/12/21,525.00,68.34,58.92,12.73%,-0.97988,0.00168,-0.02252,0.08971,10/26/21
0.08,0.08,12.34%,0.00955,0.00101,-0.00448,0.05238,11/12/21,530.00,74.69,63.89,13.22%,-0.98324,0.00135,-0.02149,0.07500,10/28/21
0.07,0.07,12.91%,0.00812,0.00084,-0.00408,0.04547,11/12/21,535.00,74.72,68.88,13.84%,-0.98514,0.00114,-0.02099,0.06638,11/02/21
0.05,0.05,13.15%,0.00588,0.00062,-0.00313,0.03418,11/12/21,540.00,103.10,73.86,14.32%,-0.98729,0.00094,-0.02021,0.05640,10/08/21
0.04,0.04,13.36%,0.00418,0.00045,-0.00235,0.02524,11/10/21,545.00,181.34,78.86,15.10%,-0.98772,0.00086,-0.02031,0.05436,12/07/20
0.03,0.03,13.83%,0.00352,0.00037,-0.00209,0.02161,11/12/21,550.00,101.25,83.85,15.68%,-0.98885,0.00074,-0.01993,0.04891,10/19/21
0.03,0.02,14.25%,0.00289,0.00030,-0.00181,0.01813,11/11/21,555.00,0.00,88.83,16.21%,-0.98990,0.00064,-0.01953,0.04374,N/A
0.02,0.02,14.59%,0.00231,0.00024,-0.00151,0.01476,11/12/21,560.00,108.13,93.83,16.83%,-0.99052,0.00058,-0.01935,0.04066,10/25/21
0.02,0.02,15.23%,0.00222,0.00022,-0.00152,0.01425,11/12/21,565.00,181.51,98.83,17.43%,-0.99110,0.00052,-0.01916,0.03777,03/08/21
0.01,0.01,14.93%,0.00119,0.00013,-0.00084,0.00806,11/12/21,570.00,133.38,103.82,18.00%,-0.99163,0.00046,-0.01897,0.03504,08/02/21
0.02,0.01,16.06%,0.00162,0.00016,-0.00121,0.01070,11/11/21,575.00,0.00,108.82,18.71%,-0.99179,0.00044,-0.01903,0.03422,N/A
0.02,0.02,16.66%,0.00157,0.00015,-0.00121,0.01038,11/09/21,580.00,127.19,113.82,19.25%,-0.99227,0.00039,-0.01882,0.03175,10/22/21
0.01,0.01,16.67%,0.00107,0.00011,-0.00086,0.00735,11/12/21,585.00,0.00,118.81,19.76%,-0.99272,0.00036,-0.01860,0.02939,N/A
0.01,0.01,17.24%,0.00104,0.00010,-0.00087,0.00714,11/12/21,590.00,0.00,123.81,20.44%,-0.99282,0.00034,-0.01866,0.02883,N/A
0.01,0.00,0.00%,0.00000,0.00000,0.00000,0.00000,11/11/21,595.00,0.00,128.81,20.92%,-0.99323,0.00030,-0.01843,0.02665,N/A
0.01,0.00,0.00%,0.00000,0.00000,0.00000,0.00000,11/10/21,600.00,132.05,133.80,21.38%,-0.99362,0.00027,-0.01819,0.02454,11/05/21
0.01,0.00,0.00%,0.00000,0.00000,0.00000,0.00000,11/10/21,605.00,0.00,138.80,22.02%,-0.99369,0.00026,-0.01824,0.02417,N/A
0.01,0.00,0.00%,0.00000,0.00000,0.00000,0.00000,11/10/21,610.00,161.56,143.80,22.66%,-0.99375,0.00025,-0.01829,0.02383,09/07/21
0.01,0.00,0.00%,0.00000,0.00000,0.00000,0.00000,11/09/21,615.00,157.80,148.79,22.84%,-0.99440,0.00021,-0.01773,0.02027,10/29/21
0.01,0.00,0.00%,0.00000,0.00000,0.00000,0.00000,11/08/21,620.00,186.94,153.79,23.46%,-0.99444,0.00020,-0.01778,0.02004,09/20/21
0.01,0.01,21.04%,0.00087,0.00007,-0.00090,0.00604,11/12/21,625.00,176.00,158.79,24.07%,-0.99448,0.00020,-0.01782,0.01983,10/19/21
"Downloaded from Barchart.com as of 11-13-2021 12:54pm CST"
